{"stats":{"minecraft:custom":{"minecraft:interact_with_anvil":2,"minecraft:mob_kills":41,"minecraft:interact_with_crafting_table":44,"minecraft:bell_ring":3,"minecraft:leave_game":11,"minecraft:time_since_death":101664,"minecraft:damage_resisted":103,"minecraft:climb_one_cm":642,"minecraft:sprint_one_cm":353104,"minecraft:walk_one_cm":786705,"minecraft:damage_blocked_by_shield":960,"minecraft:drop":115,"minecraft:talked_to_villager":88,"minecraft:play_time":281381,"minecraft:deaths":13,"minecraft:sneak_time":18255,"minecraft:walk_under_water_one_cm":9204,"minecraft:jump":2374,"minecraft:walk_on_water_one_cm":29958,"minecraft:enchant_item":2,"minecraft:total_world_time":281381,"minecraft:interact_with_furnace":14,"minecraft:traded_with_villager":253,"minecraft:interact_with_grindstone":1,"minecraft:sleep_in_bed":16,"minecraft:time_since_rest":44430,"minecraft:damage_taken":5440,"minecraft:damage_absorbed":159,"minecraft:damage_dealt":5838,"minecraft:swim_one_cm":31103,"minecraft:fly_one_cm":356075,"minecraft:open_chest":88,"minecraft:crouch_one_cm":29604,"minecraft:fish_caught":23,"minecraft:fall_one_cm":43305},"minecraft:used":{"minecraft:stone_sword":107,"minecraft:poppy":4,"minecraft:chest":3,"minecraft:shield":21,"minecraft:orange_bed":12,"minecraft:torch":28,"minecraft:dirt":31,"minecraft:anvil":1,"minecraft:diamond_helmet":1,"minecraft:bookshelf":5,"minecraft:iron_axe":494,"minecraft:bamboo":228,"minecraft:netherite_boots":1,"minecraft:diamond_chestplate":2,"minecraft:bow":49,"minecraft:oak_sapling":7,"minecraft:furnace":5,"minecraft:acacia_wood":4,"minecraft:enchanted_golden_apple":1,"minecraft:iron_leggings":1,"minecraft:cooked_mutton":8,"minecraft:wheat_seeds":331,"minecraft:diamond_boots":1,"minecraft:oak_planks":24,"minecraft:stone_pickaxe":113,"minecraft:netherite_chestplate":1,"minecraft:wooden_pickaxe":33,"minecraft:composter":1,"minecraft:diamond_axe":123,"minecraft:fletching_table":8,"minecraft:sugar_cane":15,"minecraft:brown_banner":1,"minecraft:netherite_leggings":1,"minecraft:blast_furnace":2,"minecraft:crafting_table":6,"minecraft:red_bed":3,"minecraft:white_bed":3,"minecraft:netherite_helmet":1,"minecraft:oak_log":19,"minecraft:wooden_hoe":132,"minecraft:mace":13,"minecraft:acacia_door":1,"minecraft:bread":18,"minecraft:iron_pickaxe":65,"minecraft:lectern":4,"minecraft:gravel":27,"minecraft:stone_axe":131,"minecraft:fishing_rod":40,"minecraft:wooden_sword":125,"minecraft:cobblestone":102,"minecraft:grindstone":2,"minecraft:cooked_porkchop":10,"minecraft:yellow_bed":3,"minecraft:diamond_leggings":1,"minecraft:bone_meal":212,"minecraft:chainmail_leggings":1},"minecraft:crafted":{"minecraft:golden_carrot":24,"minecraft:wooden_sword":4,"minecraft:oak_planks":188,"minecraft:fishing_rod":1,"minecraft:furnace":1,"minecraft:bone_meal":351,"minecraft:bookshelf":5,"minecraft:cooked_mutton":8,"minecraft:diamond_helmet":1,"minecraft:bow":1,"minecraft:diamond_leggings":3,"minecraft:iron_boots":11,"minecraft:iron_axe":22,"minecraft:stone_pickaxe":2,"minecraft:chest":2,"minecraft:diamond_boots":3,"minecraft:chainmail_leggings":12,"minecraft:wheat":423,"minecraft:oak_slab":12,"minecraft:emerald":258,"minecraft:arrow":64,"minecraft:cooked_porkchop":4,"minecraft:diamond_axe":2,"minecraft:crafting_table":3,"minecraft:wooden_pickaxe":2,"minecraft:chainmail_chestplate":8,"minecraft:fletching_table":2,"minecraft:stone_axe":3,"minecraft:bread":141,"minecraft:book":12,"minecraft:wooden_hoe":2,"minecraft:paper":33,"minecraft:diamond_pickaxe":1,"minecraft:shield":1,"minecraft:stick":4683,"minecraft:chainmail_boots":2,"minecraft:stone_sword":2,"minecraft:iron_leggings":1,"minecraft:white_bed":1,"minecraft:composter":1,"minecraft:acacia_planks":2076},"minecraft:mined":{"minecraft:white_bed":5,"minecraft:brewing_stand":1,"minecraft:acacia_log":363,"minecraft:grass_block":15,"minecraft:composter":1,"minecraft:cartography_table":2,"minecraft:hay_block":60,"minecraft:furnace":2,"minecraft:carrots":1,"minecraft:barrel":1,"minecraft:fire":5,"minecraft:acacia_wood":166,"minecraft:anvil":1,"minecraft:fletching_table":6,"minecraft:bell":1,"minecraft:bookshelf":9,"minecraft:stripped_acacia_log":3,"minecraft:bamboo_sapling":4,"minecraft:bamboo":156,"minecraft:stone":19,"minecraft:orange_bed":13,"minecraft:acacia_leaves":27,"minecraft:glass_pane":26,"minecraft:red_bed":3,"minecraft:melon_stem":1,"minecraft:smoker":1,"minecraft:crafting_table":4,"minecraft:torch":1,"minecraft:short_grass":95,"minecraft:blast_furnace":2,"minecraft:chest":1,"minecraft:lectern":5,"minecraft:tall_grass":2,"minecraft:cobblestone":132,"minecraft:oak_planks":7,"minecraft:grindstone":3,"minecraft:sugar_cane":53,"minecraft:wall_torch":2,"minecraft:seagrass":4,"minecraft:gray_wool":2,"minecraft:wheat":266,"minecraft:tnt":1,"minecraft:yellow_bed":10,"minecraft:oak_log":88,"minecraft:coal_ore":39,"minecraft:acacia_fence":2,"minecraft:gravel":31,"minecraft:acacia_door":3,"minecraft:dirt":5,"minecraft:acacia_planks":1,"minecraft:stripped_acacia_wood":2,"minecraft:oak_leaves":26},"minecraft:broken":{"minecraft:iron_axe":1,"minecraft:wooden_sword":4,"minecraft:stone_axe":1,"minecraft:wooden_hoe":1},"minecraft:picked_up":{"minecraft:iron_chestplate":1,"minecraft:crafting_table":5,"minecraft:wheat":258,"minecraft:anvil":1,"minecraft:wooden_pickaxe":1,"minecraft:brewing_stand":2,"minecraft:string":2,"minecraft:red_bed":3,"minecraft:iron_axe":9,"minecraft:acacia_door":5,"minecraft:pufferfish":2,"minecraft:cartography_table":2,"minecraft:beef":5,"minecraft:poppy":8,"minecraft:enchanted_golden_apple":1,"minecraft:lectern":6,"minecraft:sugar_cane":53,"minecraft:chest":1,"minecraft:iron_boots":1,"minecraft:furnace":4,"minecraft:stick":97,"minecraft:acacia_fence":2,"minecraft:torch":52,"minecraft:acacia_log":358,"minecraft:porkchop":24,"minecraft:mace":2,"minecraft:orange_bed":14,"minecraft:stone_sword":2,"minecraft:rotten_flesh":29,"minecraft:diamond_chestplate":1,"minecraft:tropical_fish":1,"minecraft:beetroot_seeds":2,"minecraft:hay_block":73,"minecraft:armadillo_scute":1,"minecraft:netherite_chestplate":1,"minecraft:mutton":23,"minecraft:cod":26,"minecraft:white_wool":14,"minecraft:cobblestone":215,"minecraft:netherite_boots":2,"minecraft:tripwire_hook":1,"minecraft:salmon":5,"minecraft:leather":4,"minecraft:acacia_wood":165,"minecraft:potato":2,"minecraft:flint":4,"minecraft:oak_log":139,"minecraft:yellow_bed":14,"minecraft:lapis_lazuli":85,"minecraft:netherite_leggings":2,"minecraft:dirt":96,"minecraft:leather_boots":2,"minecraft:cooked_mutton":2,"minecraft:bone":117,"minecraft:wheat_seeds":703,"minecraft:bell":1,"minecraft:iron_ingot":93,"minecraft:grindstone":3,"minecraft:stone_pickaxe":2,"minecraft:fletching_table":6,"minecraft:bamboo":1299,"minecraft:oak_planks":99,"minecraft:acacia_sapling":1,"minecraft:book":27,"minecraft:cooked_porkchop":6,"minecraft:stripped_acacia_wood":2,"minecraft:gravel":27,"minecraft:blast_furnace":2,"minecraft:ink_sac":6,"minecraft:white_bed":7,"minecraft:spider_eye":2,"minecraft:barrel":1,"minecraft:stripped_acacia_log":3,"minecraft:stone_axe":2,"minecraft:netherite_helmet":1,"minecraft:crossbow":1,"minecraft:bone_meal":16,"minecraft:bread":33,"minecraft:brown_banner":12,"minecraft:melon_seeds":2,"minecraft:coal":97,"minecraft:nether_star":1},"minecraft:dropped":{"minecraft:iron_ingot":4,"minecraft:bread":129,"minecraft:wheat_seeds":257,"minecraft:lapis_lazuli":60,"minecraft:diamond_leggings":1,"minecraft:crossbow":1,"minecraft:iron_helmet":1,"minecraft:leather":1,"minecraft:tropical_fish":1,"minecraft:brown_banner":5,"minecraft:cod":13,"minecraft:pufferfish":2,"minecraft:stick":80,"minecraft:dirt":2,"minecraft:ink_sac":6,"minecraft:torch":10,"minecraft:mutton":6,"minecraft:iron_leggings":1,"minecraft:armadillo_scute":1,"minecraft:iron_axe":20,"minecraft:orange_bed":1,"minecraft:acacia_door":3,"minecraft:chainmail_leggings":12,"minecraft:paper":2,"minecraft:tripwire_hook":1,"minecraft:stone_axe":1,"minecraft:wheat":7,"minecraft:rotten_flesh":21,"minecraft:oak_planks":18,"minecraft:iron_boots":8,"minecraft:salmon":5,"minecraft:chainmail_chestplate":1,"minecraft:poppy":1,"minecraft:tipped_arrow":3,"minecraft:iron_chestplate":1,"minecraft:leather_boots":2,"minecraft:spider_eye":2,"minecraft:bamboo":1,"minecraft:diamond_boots":1,"minecraft:bell":1,"minecraft:acacia_fence":1,"minecraft:lectern":2},"minecraft:killed":{"minecraft:spider":2,"minecraft:drowned":2,"minecraft:pig":4,"minecraft:iron_golem":4,"minecraft:creeper":1,"minecraft:squid":1,"minecraft:sheep":11,"minecraft:zombie":12,"minecraft:cow":2},"minecraft:killed_by":{"minecraft:player":3,"minecraft:skeleton":2,"minecraft:zombie":7}},"DataVersion":3953}