{"stats":{"minecraft:killed":{"minecraft:evoker":1,"minecraft:vex":2,"minecraft:bogged":7,"minecraft:vindicator":2,"minecraft:spider":3,"minecraft:skeleton":3,"minecraft:chicken":3,"minecraft:silverfish":8,"minecraft:pig":6,"minecraft:ravager":2,"minecraft:creeper":2,"minecraft:sheep":2,"minecraft:pillager":6,"minecraft:zombie":20,"minecraft:breeze":1,"minecraft:cow":14},"minecraft:used":{"minecraft:netherite_sword":4,"minecraft:oak_fence":2,"minecraft:tuff_bricks":2,"minecraft:acacia_log":1,"minecraft:stone_sword":66,"minecraft:shield":97,"minecraft:cooked_salmon":4,"minecraft:wooden_shovel":26,"minecraft:trial_key":5,"minecraft:cooked_chicken":2,"minecraft:iron_chestplate":1,"minecraft:torch":99,"minecraft:dirt":29,"minecraft:mutton":2,"minecraft:carrot":13,"minecraft:tuff":8,"minecraft:waxed_copper_grate":1,"minecraft:waxed_oxidized_copper":3,"minecraft:red_candle":3,"minecraft:iron_helmet":1,"minecraft:iron_boots":1,"minecraft:netherite_boots":1,"minecraft:diamond_chestplate":5,"minecraft:golden_carrot":1,"minecraft:bow":30,"minecraft:beef":5,"minecraft:potato":2,"minecraft:cooked_beef":16,"minecraft:cobbled_deepslate":3,"minecraft:cooked_mutton":4,"minecraft:wheat_seeds":41,"minecraft:diorite":4,"minecraft:diamond_boots":1,"minecraft:baked_potato":7,"minecraft:glass_bottle":1,"minecraft:stone_pickaxe":885,"minecraft:netherite_chestplate":2,"minecraft:oak_planks":73,"minecraft:wooden_pickaxe":60,"minecraft:netherite_leggings":2,"minecraft:blast_furnace":1,"minecraft:white_bed":3,"minecraft:crafting_table":13,"minecraft:lingering_potion":1,"minecraft:dripstone_block":2,"minecraft:netherite_helmet":1,"minecraft:waxed_chiseled_copper":4,"minecraft:oak_log":2,"minecraft:polished_tuff_slab":1,"minecraft:wooden_hoe":14,"minecraft:melon_slice":40,"minecraft:ominous_trial_key":2,"minecraft:mace":7,"minecraft:bread":27,"minecraft:iron_pickaxe":156,"minecraft:gravel":7,"minecraft:stone_axe":104,"minecraft:potion":2,"minecraft:diamond_sword":412,"minecraft:cobblestone":148,"minecraft:andesite":4,"minecraft:yellow_bed":8,"minecraft:diamond_leggings":3},"minecraft:dropped":{"minecraft:iron_ingot":5,"minecraft:enchanted_book":2,"minecraft:wheat_seeds":4,"minecraft:ominous_bottle":1,"minecraft:lapis_lazuli":37,"minecraft:tnt":2,"minecraft:glass_bottle":1,"minecraft:diamond":4,"minecraft:crossbow":1,"minecraft:oak_fence":1,"minecraft:iron_helmet":1,"minecraft:feather":2,"minecraft:cobblestone":95,"minecraft:book":1,"minecraft:leather":7,"minecraft:granite":16,"minecraft:coal":15,"minecraft:stick":12,"minecraft:emerald":26,"minecraft:dirt":19,"minecraft:golden_carrot":1,"minecraft:diorite":17,"minecraft:torch":2,"minecraft:wooden_hoe":1,"minecraft:mutton":1,"minecraft:iron_pickaxe":1,"minecraft:string":2,"minecraft:white_wool":1,"minecraft:dandelion":1,"minecraft:redstone":16,"minecraft:bone":4,"minecraft:gravel":3,"minecraft:stone_axe":1,"minecraft:tuff_bricks":9,"minecraft:cobbled_deepslate":80,"minecraft:polished_tuff_slab":1,"minecraft:tuff":14,"minecraft:chicken":4,"minecraft:rotten_flesh":5,"minecraft:light_gray_wool":1,"minecraft:honey_bottle":1,"minecraft:wind_charge":9,"minecraft:hay_block":8,"minecraft:tipped_arrow":2,"minecraft:shield":1,"minecraft:gunpowder":1,"minecraft:andesite":110,"minecraft:melon_seeds":2,"minecraft:yellow_bed":1,"minecraft:wooden_shovel":2,"minecraft:bamboo":1,"minecraft:waxed_chiseled_copper":6,"minecraft:slime_ball":21,"minecraft:arrow":3,"minecraft:bow":3,"minecraft:stone_pickaxe":2,"minecraft:waxed_exposed_copper_bulb":2,"minecraft:splash_potion":1},"minecraft:killed_by":{"minecraft:evoker":2,"minecraft:player":2,"minecraft:pillager":1,"minecraft:ravager":2,"minecraft:bogged":4,"minecraft:vindicator":37,"minecraft:silverfish":1,"minecraft:skeleton":3,"minecraft:zombie":7,"minecraft:breeze":1,"minecraft:vex":9},"minecraft:custom":{"minecraft:interact_with_anvil":6,"minecraft:mob_kills":102,"minecraft:interact_with_crafting_table":67,"minecraft:open_barrel":9,"minecraft:bell_ring":67,"minecraft:leave_game":12,"minecraft:time_since_death":66879,"minecraft:climb_one_cm":9323,"minecraft:sprint_one_cm":853765,"minecraft:walk_one_cm":849743,"minecraft:damage_blocked_by_shield":5104,"minecraft:drop":131,"minecraft:talked_to_villager":8,"minecraft:raid_win":1,"minecraft:play_time":335851,"minecraft:sneak_time":27849,"minecraft:deaths":73,"minecraft:walk_under_water_one_cm":26644,"minecraft:jump":4115,"minecraft:interact_with_blast_furnace":17,"minecraft:enchant_item":4,"minecraft:walk_on_water_one_cm":41093,"minecraft:total_world_time":335851,"minecraft:interact_with_furnace":20,"minecraft:sleep_in_bed":11,"minecraft:time_since_rest":66913,"minecraft:damage_taken":26001,"minecraft:damage_dealt":16267,"minecraft:player_kills":5,"minecraft:swim_one_cm":30341,"minecraft:fly_one_cm":520629,"minecraft:open_chest":65,"minecraft:crouch_one_cm":35433,"minecraft:fall_one_cm":110201,"minecraft:inspect_dispenser":15},"minecraft:broken":{"minecraft:iron_boots":2,"minecraft:iron_leggings":1,"minecraft:chainmail_boots":1,"minecraft:wooden_pickaxe":1,"minecraft:stone_pickaxe":5,"minecraft:shield":1,"minecraft:stone_axe":1,"minecraft:iron_pickaxe":1,"minecraft:iron_helmet":2},"minecraft:mined":{"minecraft:tuff":90,"minecraft:white_bed":3,"minecraft:attached_melon_stem":1,"minecraft:deepslate_diamond_ore":46,"minecraft:granite":43,"minecraft:acacia_log":16,"minecraft:grass_block":12,"minecraft:chiseled_tuff_bricks":1,"minecraft:red_mushroom":2,"minecraft:tuff_bricks":4,"minecraft:hay_block":18,"minecraft:carrots":3,"minecraft:iron_ore":88,"minecraft:fire":2,"minecraft:cobbled_deepslate":1,"minecraft:andesite":63,"minecraft:deepslate_lapis_ore":13,"minecraft:potatoes":1,"minecraft:dirt_path":7,"minecraft:deepslate_iron_ore":21,"minecraft:stone":343,"minecraft:acacia_leaves":6,"minecraft:glass_pane":2,"minecraft:dandelion":1,"minecraft:oak_fence":2,"minecraft:crafting_table":10,"minecraft:torch":14,"minecraft:short_grass":109,"minecraft:melon":17,"minecraft:tall_grass":17,"minecraft:cobblestone":8,"minecraft:deepslate_gold_ore":22,"minecraft:lapis_ore":5,"minecraft:oak_planks":6,"minecraft:waxed_chiseled_copper":1,"minecraft:diorite":15,"minecraft:wall_torch":20,"minecraft:red_candle":1,"minecraft:light_gray_stained_glass":5,"minecraft:wheat":26,"minecraft:birch_leaves":1,"minecraft:tnt":2,"minecraft:yellow_bed":12,"minecraft:coal_ore":73,"minecraft:oak_log":42,"minecraft:gravel":20,"minecraft:dirt":16,"minecraft:dripstone_block":4,"minecraft:smooth_basalt":1,"minecraft:gold_ore":1,"minecraft:oak_leaves":8,"minecraft:deepslate":233},"minecraft:crafted":{"minecraft:oak_planks":160,"minecraft:cooked_chicken":2,"minecraft:diamond_helmet":1,"minecraft:diamond_leggings":1,"minecraft:iron_boots":3,"minecraft:stone_pickaxe":7,"minecraft:diamond_boots":1,"minecraft:wheat":81,"minecraft:wooden_shovel":1,"minecraft:diamond_sword":1,"minecraft:crafting_table":5,"minecraft:wooden_pickaxe":1,"minecraft:iron_helmet":4,"minecraft:stone_axe":1,"minecraft:bread":32,"minecraft:iron_chestplate":1,"minecraft:wooden_hoe":1,"minecraft:shield":1,"minecraft:stick":56,"minecraft:iron_ingot":67,"minecraft:iron_pickaxe":2,"minecraft:gold_ingot":23,"minecraft:iron_shovel":1,"minecraft:iron_leggings":1,"minecraft:acacia_planks":60,"minecraft:torch":72,"minecraft:diamond_chestplate":1},"minecraft:picked_up":{"minecraft:iron_chestplate":1,"minecraft:crafting_table":9,"minecraft:wheat":17,"minecraft:splash_potion":1,"minecraft:chainmail_boots":1,"minecraft:chicken":6,"minecraft:diamond_sword":1,"minecraft:enchanted_book":2,"minecraft:potion":2,"minecraft:golden_sword":1,"minecraft:shield":2,"minecraft:wind_charge":9,"minecraft:string":6,"minecraft:iron_leggings":2,"minecraft:red_candle":3,"minecraft:cobbled_deepslate":83,"minecraft:netherite_sword":2,"minecraft:beef":21,"minecraft:trial_key":5,"minecraft:wooden_shovel":1,"minecraft:iron_pickaxe":1,"minecraft:light_gray_wool":1,"minecraft:melon_slice":71,"minecraft:waxed_oxidized_copper":3,"minecraft:tipped_arrow":11,"minecraft:raw_iron":109,"minecraft:stick":2,"minecraft:oak_fence":3,"minecraft:torch":38,"minecraft:acacia_log":16,"minecraft:porkchop":11,"minecraft:mace":2,"minecraft:waxed_copper_grate":1,"minecraft:diorite":21,"minecraft:carrot":27,"minecraft:redstone":16,"minecraft:tnt":2,"minecraft:stone_sword":3,"minecraft:arrow":51,"minecraft:rotten_flesh":17,"minecraft:honey_bottle":6,"minecraft:diamond_chestplate":1,"minecraft:diamond_boots":1,"minecraft:hay_block":24,"minecraft:totem_of_undying":1,"minecraft:netherite_chestplate":2,"minecraft:tuff_bricks":11,"minecraft:mutton":3,"minecraft:white_wool":1,"minecraft:cobblestone":286,"minecraft:netherite_boots":1,"minecraft:feather":4,"minecraft:cooked_beef":12,"minecraft:golden_carrot":2,"minecraft:andesite":114,"minecraft:leather":9,"minecraft:potato":2,"minecraft:tuff":60,"minecraft:oak_log":44,"minecraft:yellow_bed":13,"minecraft:gunpowder":1,"minecraft:netherite_leggings":4,"minecraft:lapis_lazuli":99,"minecraft:dirt":50,"minecraft:bone":5,"minecraft:bow":6,"minecraft:wheat_seeds":70,"minecraft:raw_gold":23,"minecraft:stone_pickaxe":1,"minecraft:iron_ingot":22,"minecraft:polished_tuff_slab":2,"minecraft:cooked_chicken":3,"minecraft:bolt_armor_trim_smithing_template":2,"minecraft:diamond_helmet":2,"minecraft:bamboo":1,"minecraft:oak_planks":36,"minecraft:acacia_sapling":2,"minecraft:book":3,"minecraft:cooked_porkchop":2,"minecraft:waxed_exposed_copper_bulb":2,"minecraft:dandelion":1,"minecraft:dripstone_block":3,"minecraft:waxed_chiseled_copper":10,"minecraft:gravel":10,"minecraft:blast_furnace":1,"minecraft:white_bed":3,"minecraft:spider_eye":1,"minecraft:slime_ball":21,"minecraft:stone_axe":3,"minecraft:diamond":47,"minecraft:netherite_helmet":2,"minecraft:iron_helmet":1,"minecraft:crossbow":1,"minecraft:granite":16,"minecraft:golden_apple":2,"minecraft:emerald":18,"minecraft:baked_potato":7,"minecraft:melon_seeds":4,"minecraft:ominous_trial_key":2,"minecraft:coal":73}},"DataVersion":3953}