{"stats":{"minecraft:mined":{"minecraft:white_bed":5,"minecraft:brewing_stand":1,"minecraft:acacia_log":426,"minecraft:grass_block":16,"minecraft:composter":1,"minecraft:tuff_bricks":7,"minecraft:barrel":1,"minecraft:fire":5,"minecraft:iron_ore":142,"minecraft:anvil":1,"minecraft:fletching_table":6,"minecraft:deepslate_lapis_ore":2,"minecraft:orange_bed":13,"minecraft:deepslate_redstone_ore":3,"minecraft:red_bed":3,"minecraft:smoker":2,"minecraft:melon_stem":1,"minecraft:torch":2,"minecraft:blast_furnace":3,"minecraft:poppy":1,"minecraft:chest":1,"minecraft:cobblestone":137,"minecraft:oak_planks":7,"minecraft:grindstone":3,"minecraft:sugar_cane":145,"minecraft:wall_torch":4,"minecraft:seagrass":4,"minecraft:birch_log":217,"minecraft:wheat":462,"minecraft:tnt":1,"minecraft:oak_log":88,"minecraft:acacia_fence":2,"minecraft:sand":2,"minecraft:dirt":5,"minecraft:oak_leaves":28,"minecraft:deepslate":30,"minecraft:deepslate_diamond_ore":11,"minecraft:cartography_table":2,"minecraft:hay_block":60,"minecraft:furnace":2,"minecraft:carrots":1,"minecraft:acacia_wood":166,"minecraft:bell":1,"minecraft:bookshelf":9,"minecraft:deepslate_iron_ore":29,"minecraft:stripped_acacia_log":3,"minecraft:bamboo":370,"minecraft:bamboo_sapling":5,"minecraft:stone":205,"minecraft:acacia_leaves":44,"minecraft:glass_pane":26,"minecraft:crafting_table":4,"minecraft:short_grass":132,"minecraft:lectern":31,"minecraft:tall_grass":3,"minecraft:deepslate_gold_ore":10,"minecraft:lapis_ore":2,"minecraft:diorite":1,"minecraft:gray_wool":2,"minecraft:birch_leaves":7,"minecraft:yellow_bed":10,"minecraft:coal_ore":286,"minecraft:acacia_door":3,"minecraft:gravel":31,"minecraft:dripstone_block":2,"minecraft:acacia_planks":1,"minecraft:stripped_acacia_wood":2},"minecraft:used":{"minecraft:poppy":17,"minecraft:chest":5,"minecraft:shield":119,"minecraft:stone":35,"minecraft:iron_sword":146,"minecraft:coal_ore":106,"minecraft:birch_sapling":1,"minecraft:netherite_boots":1,"minecraft:bow":52,"minecraft:oak_sapling":7,"minecraft:furnace":5,"minecraft:diamond_boots":1,"minecraft:stone_pickaxe":113,"minecraft:oak_planks":24,"minecraft:wooden_pickaxe":33,"minecraft:composter":1,"minecraft:diamond_axe":468,"minecraft:sugar_cane":44,"minecraft:sand":2,"minecraft:netherite_leggings":1,"minecraft:blast_furnace":3,"minecraft:netherite_helmet":1,"minecraft:acacia_door":1,"minecraft:mace":13,"minecraft:bread":18,"minecraft:lectern":30,"minecraft:gravel":27,"minecraft:diamond_sword":31,"minecraft:wooden_sword":125,"minecraft:grindstone":2,"minecraft:birch_log":1,"minecraft:bone_meal":212,"minecraft:stone_sword":238,"minecraft:acacia_log":9,"minecraft:orange_bed":12,"minecraft:torch":145,"minecraft:dirt":32,"minecraft:anvil":1,"minecraft:diamond_helmet":4,"minecraft:bookshelf":5,"minecraft:iron_axe":494,"minecraft:bamboo":372,"minecraft:diamond_chestplate":2,"minecraft:golden_carrot":26,"minecraft:acacia_wood":4,"minecraft:enchanted_golden_apple":1,"minecraft:iron_leggings":1,"minecraft:pointed_dripstone":4,"minecraft:wheat_seeds":532,"minecraft:cooked_mutton":8,"minecraft:iron_ore":57,"minecraft:netherite_chestplate":1,"minecraft:fletching_table":8,"minecraft:crafting_table":6,"minecraft:red_bed":3,"minecraft:brown_banner":1,"minecraft:white_bed":3,"minecraft:smoker":1,"minecraft:oak_log":19,"minecraft:wooden_hoe":132,"minecraft:diamond_pickaxe":590,"minecraft:iron_pickaxe":155,"minecraft:lapis_ore":1,"minecraft:stone_axe":131,"minecraft:fishing_rod":41,"minecraft:cobblestone":131,"minecraft:cooked_porkchop":10,"minecraft:yellow_bed":3,"minecraft:diamond_leggings":1,"minecraft:chainmail_leggings":1},"minecraft:broken":{"minecraft:wooden_sword":4,"minecraft:stone_axe":1,"minecraft:stone_sword":1,"minecraft:shield":2,"minecraft:iron_axe":1,"minecraft:wooden_hoe":1},"minecraft:picked_up":{"minecraft:iron_chestplate":1,"minecraft:wheat":450,"minecraft:anvil":1,"minecraft:diamond_sword":2,"minecraft:brewing_stand":2,"minecraft:string":5,"minecraft:pufferfish":2,"minecraft:cobbled_deepslate":28,"minecraft:trial_key":1,"minecraft:iron_pickaxe":1,"minecraft:enchanted_golden_apple":1,"minecraft:furnace":4,"minecraft:iron_boots":1,"minecraft:stick":119,"minecraft:acacia_fence":2,"minecraft:torch":56,"minecraft:acacia_log":421,"minecraft:porkchop":24,"minecraft:pointed_dripstone":5,"minecraft:diorite":5,"minecraft:orange_bed":14,"minecraft:stone_sword":2,"minecraft:rotten_flesh":50,"minecraft:tropical_fish":1,"minecraft:armadillo_scute":1,"minecraft:netherite_chestplate":1,"minecraft:cod":26,"minecraft:cobblestone":268,"minecraft:birch_log":217,"minecraft:feather":10,"minecraft:cooked_beef":12,"minecraft:potato":2,"minecraft:smoker":1,"minecraft:flint":4,"minecraft:lapis_lazuli":116,"minecraft:netherite_leggings":2,"minecraft:dirt":104,"minecraft:leather_boots":2,"minecraft:bone":129,"minecraft:bow":1,"minecraft:wheat_seeds":1243,"minecraft:raw_gold":25,"minecraft:bell":1,"minecraft:grindstone":3,"minecraft:fletching_table":6,"minecraft:bamboo":2832,"minecraft:oak_planks":101,"minecraft:cooked_porkchop":6,"minecraft:stripped_acacia_wood":2,"minecraft:sand":2,"minecraft:ink_sac":6,"minecraft:barrel":1,"minecraft:stripped_acacia_log":3,"minecraft:diamond":22,"minecraft:netherite_helmet":1,"minecraft:crossbow":1,"minecraft:bone_meal":32,"minecraft:bread":33,"minecraft:emerald":1,"minecraft:nether_star":1,"minecraft:crafting_table":5,"minecraft:chicken":9,"minecraft:wooden_pickaxe":1,"minecraft:red_bed":3,"minecraft:acacia_door":5,"minecraft:iron_axe":9,"minecraft:cartography_table":2,"minecraft:beef":17,"minecraft:poppy":21,"minecraft:lectern":32,"minecraft:sugar_cane":183,"minecraft:chest":1,"minecraft:birch_sapling":1,"minecraft:raw_iron":208,"minecraft:stone":135,"minecraft:mace":2,"minecraft:carrot":1,"minecraft:redstone":19,"minecraft:arrow":8,"minecraft:diamond_chestplate":1,"minecraft:beetroot_seeds":2,"minecraft:hay_block":73,"minecraft:tuff_bricks":7,"minecraft:mutton":23,"minecraft:white_wool":14,"minecraft:lapis_ore":1,"minecraft:netherite_boots":2,"minecraft:tripwire_hook":1,"minecraft:salmon":5,"minecraft:leather":8,"minecraft:acacia_wood":165,"minecraft:oak_log":139,"minecraft:chainmail_chestplate":1,"minecraft:yellow_bed":14,"minecraft:cooked_mutton":2,"minecraft:iron_ingot":106,"minecraft:stone_pickaxe":2,"minecraft:iron_ore":63,"minecraft:iron_sword":1,"minecraft:acacia_sapling":3,"minecraft:book":27,"minecraft:dripstone_block":2,"minecraft:gravel":27,"minecraft:blast_furnace":3,"minecraft:white_bed":7,"minecraft:spider_eye":2,"minecraft:coal_ore":107,"minecraft:stone_axe":2,"minecraft:brown_banner":12,"minecraft:melon_seeds":2,"minecraft:coal":388},"minecraft:killed_by":{"minecraft:zombie":11,"minecraft:player":4,"minecraft:skeleton":3},"minecraft:dropped":{"minecraft:iron_sword":3,"minecraft:birch_planks":2,"minecraft:lapis_lazuli":60,"minecraft:crossbow":1,"minecraft:leather":1,"minecraft:brown_banner":5,"minecraft:cod":13,"minecraft:emerald":2,"minecraft:dirt":9,"minecraft:mutton":6,"minecraft:bone_meal":32,"minecraft:iron_pickaxe":2,"minecraft:acacia_door":3,"minecraft:bone":11,"minecraft:stone_axe":1,"minecraft:cobbled_deepslate":24,"minecraft:wheat":19,"minecraft:pointed_dripstone":1,"minecraft:rotten_flesh":26,"minecraft:oak_planks":20,"minecraft:salmon":5,"minecraft:chainmail_chestplate":3,"minecraft:poppy":1,"minecraft:tipped_arrow":3,"minecraft:coal_ore":1,"minecraft:leather_boots":2,"minecraft:acacia_sapling":2,"minecraft:arrow":1,"minecraft:acacia_fence":1,"minecraft:lectern":2,"minecraft:iron_ingot":4,"minecraft:bread":129,"minecraft:wheat_seeds":596,"minecraft:dripstone_block":2,"minecraft:diamond_leggings":1,"minecraft:feather":10,"minecraft:iron_helmet":1,"minecraft:cobblestone":14,"minecraft:tropical_fish":1,"minecraft:stick":147,"minecraft:pufferfish":2,"minecraft:diorite":5,"minecraft:ink_sac":6,"minecraft:torch":10,"minecraft:iron_leggings":1,"minecraft:armadillo_scute":1,"minecraft:iron_axe":20,"minecraft:orange_bed":1,"minecraft:chainmail_leggings":12,"minecraft:paper":2,"minecraft:string":3,"minecraft:tripwire_hook":1,"minecraft:stone_sword":1,"minecraft:chicken":9,"minecraft:iron_boots":8,"minecraft:diamond_sword":1,"minecraft:iron_chestplate":1,"minecraft:spider_eye":2,"minecraft:bamboo":2,"minecraft:diamond_boots":1,"minecraft:bow":1,"minecraft:bell":1},"minecraft:killed":{"minecraft:spider":6,"minecraft:skeleton":6,"minecraft:chicken":3,"minecraft:pig":4,"minecraft:zombie_villager":1,"minecraft:iron_golem":4,"minecraft:creeper":1,"minecraft:sheep":11,"minecraft:zombie":25,"minecraft:cow":8,"minecraft:drowned":2,"minecraft:squid":1},"minecraft:custom":{"minecraft:interact_with_crafting_table":57,"minecraft:bell_ring":4,"minecraft:leave_game":17,"minecraft:time_since_death":5263,"minecraft:damage_resisted":103,"minecraft:sprint_one_cm":673423,"minecraft:damage_blocked_by_shield":6047,"minecraft:drop":178,"minecraft:talked_to_villager":148,"minecraft:play_time":472443,"minecraft:deaths":21,"minecraft:jump":5373,"minecraft:walk_on_water_one_cm":48667,"minecraft:enchant_item":5,"minecraft:interact_with_furnace":19,"minecraft:traded_with_villager":408,"minecraft:sleep_in_bed":20,"minecraft:damage_dealt":11789,"minecraft:crouch_one_cm":58606,"minecraft:interact_with_smoker":2,"minecraft:mob_kills":77,"minecraft:interact_with_anvil":3,"minecraft:climb_one_cm":1069,"minecraft:walk_one_cm":1278712,"minecraft:sneak_time":36431,"minecraft:walk_under_water_one_cm":15724,"minecraft:interact_with_blast_furnace":17,"minecraft:total_world_time":472443,"minecraft:interact_with_grindstone":5,"minecraft:time_since_rest":5307,"minecraft:damage_taken":9754,"minecraft:damage_absorbed":159,"minecraft:swim_one_cm":60957,"minecraft:fly_one_cm":862285,"minecraft:open_chest":135,"minecraft:fish_caught":23,"minecraft:fall_one_cm":153116},"minecraft:crafted":{"minecraft:oak_planks":240,"minecraft:bookshelf":5,"minecraft:cooked_mutton":8,"minecraft:diamond_helmet":2,"minecraft:diamond_leggings":3,"minecraft:bow":1,"minecraft:iron_boots":11,"minecraft:chest":4,"minecraft:oak_slab":12,"minecraft:arrow":176,"minecraft:emerald":386,"minecraft:cooked_porkchop":4,"minecraft:diamond_axe":2,"minecraft:crafting_table":3,"minecraft:wooden_pickaxe":2,"minecraft:chainmail_chestplate":8,"minecraft:fletching_table":2,"minecraft:birch_planks":864,"minecraft:book":16,"minecraft:wooden_hoe":2,"minecraft:paper":45,"minecraft:diamond_pickaxe":2,"minecraft:shield":4,"minecraft:stick":7631,"minecraft:iron_ingot":106,"minecraft:iron_pickaxe":1,"minecraft:stone_sword":4,"minecraft:composter":1,"minecraft:golden_carrot":75,"minecraft:wooden_sword":4,"minecraft:fishing_rod":1,"minecraft:furnace":1,"minecraft:bone_meal":351,"minecraft:iron_axe":22,"minecraft:stone_pickaxe":2,"minecraft:diamond_boots":3,"minecraft:chainmail_leggings":12,"minecraft:wheat":423,"minecraft:diamond_sword":1,"minecraft:iron_sword":2,"minecraft:stone_axe":3,"minecraft:enchanted_book":1,"minecraft:bread":141,"minecraft:chainmail_boots":2,"minecraft:iron_leggings":1,"minecraft:white_bed":1,"minecraft:acacia_planks":2292,"minecraft:torch":152}},"DataVersion":3953}