{"stats":{"minecraft:killed":{"minecraft:cave_spider":7,"minecraft:witch":5,"minecraft:spider":9,"minecraft:skeleton":12,"minecraft:chicken":8,"minecraft:silverfish":6,"minecraft:pig":8,"minecraft:salmon":23,"minecraft:iron_golem":13,"minecraft:creeper":6,"minecraft:sheep":14,"minecraft:pillager":12,"minecraft:zombie":39,"minecraft:donkey":2,"minecraft:stray":11,"minecraft:cow":10,"minecraft:vex":3,"minecraft:armadillo":1,"minecraft:bogged":15,"minecraft:vindicator":3,"minecraft:slime":4,"minecraft:drowned":4,"minecraft:breeze":9,"minecraft:villager":5,"minecraft:enderman":2},"minecraft:dropped":{"minecraft:iron_sword":2,"minecraft:porkchop":12,"minecraft:diamond_axe":1,"minecraft:lapis_lazuli":37,"minecraft:cooked_beef":7,"minecraft:glass_bottle":1,"minecraft:diamond":1,"minecraft:decorated_pot":23,"minecraft:crossbow":4,"minecraft:honeycomb":6,"minecraft:saddle":2,"minecraft:brown_banner":5,"minecraft:red_mushroom":1,"minecraft:dirt":3,"minecraft:stone_button":7,"minecraft:mutton":15,"minecraft:gold_nugget":71,"minecraft:bolt_armor_trim_smithing_template":1,"minecraft:sugar":1,"minecraft:iron_pickaxe":3,"minecraft:gravel":5,"minecraft:stone_axe":2,"minecraft:golden_chestplate":1,"minecraft:chiseled_tuff_bricks":7,"minecraft:cobbled_deepslate":4,"minecraft:pointed_dripstone":6,"minecraft:rotten_flesh":24,"minecraft:oak_planks":15,"minecraft:glowstone_dust":1,"minecraft:honey_bottle":3,"minecraft:carrot":4,"minecraft:waxed_copper_block":1,"minecraft:poppy":11,"minecraft:red_candle":11,"minecraft:gunpowder":3,"minecraft:acacia_sapling":1,"minecraft:beef":7,"minecraft:quartz":55,"minecraft:netherrack":22,"minecraft:enchanted_book":3,"minecraft:iron_ingot":46,"minecraft:wheat_seeds":12,"minecraft:cobblestone":12,"minecraft:book":1,"minecraft:polished_tuff":2,"minecraft:copper_ingot":10,"minecraft:ominous_trial_key":1,"minecraft:flow_armor_trim_smithing_template":2,"minecraft:gray_wool":2,"minecraft:torch":2,"minecraft:waxed_oxidized_copper":1,"minecraft:iron_leggings":3,"minecraft:white_banner":1,"minecraft:iron_axe":2,"minecraft:flow_banner_pattern":1,"minecraft:music_disc_cat":1,"minecraft:dandelion":1,"minecraft:redstone":5,"minecraft:tuff_bricks":57,"minecraft:stone_sword":2,"minecraft:raw_copper":38,"minecraft:raw_iron":2,"minecraft:stone_shovel":1,"minecraft:chicken":7,"minecraft:iron_boots":1,"minecraft:iron_hoe":1,"minecraft:shield":3,"minecraft:flower_pot":1,"minecraft:diamond_chestplate":2,"minecraft:iron_chestplate":1,"minecraft:andesite":1,"minecraft:yellow_bed":2,"minecraft:golden_leggings":1,"minecraft:spider_eye":8,"minecraft:bamboo":2,"minecraft:bow":7,"minecraft:stone_pickaxe":4,"minecraft:wooden_pickaxe":1,"minecraft:cyan_bed":1,"minecraft:black_wool":1,"minecraft:brick":9},"minecraft:used":{"minecraft:tuff_bricks":42,"minecraft:chiseled_tuff":1,"minecraft:dispenser":1,"minecraft:poppy":3,"minecraft:decorated_pot":4,"minecraft:chest":4,"minecraft:shield":90,"minecraft:iron_sword":299,"minecraft:bell":2,"minecraft:rotten_flesh":27,"minecraft:iron_chestplate":1,"minecraft:waxed_copper_grate":4,"minecraft:tuff":1,"minecraft:snowball":4,"minecraft:waxed_oxidized_copper":3,"minecraft:waxed_oxidized_copper_grate":4,"minecraft:iron_helmet":4,"minecraft:bow":30,"minecraft:ominous_bottle":1,"minecraft:furnace":5,"minecraft:egg":3,"minecraft:potato":2,"minecraft:diorite":4,"minecraft:stone_pickaxe":228,"minecraft:oak_planks":52,"minecraft:wooden_pickaxe":15,"minecraft:redstone_block":19,"minecraft:sugar_cane":7,"minecraft:diamond_axe":393,"minecraft:cookie":22,"minecraft:sand":9,"minecraft:crossbow":65,"minecraft:lingering_potion":3,"minecraft:polished_tuff":9,"minecraft:firework_rocket":3,"minecraft:mace":13,"minecraft:stone_button":1,"minecraft:bread":25,"minecraft:cyan_bed":5,"minecraft:lectern":2,"minecraft:gravel":25,"minecraft:chiseled_tuff_bricks":7,"minecraft:diamond_sword":99,"minecraft:fire_charge":6,"minecraft:andesite":46,"minecraft:bone_meal":81,"minecraft:stone_sword":25,"minecraft:enchanting_table":1,"minecraft:flint_and_steel":65,"minecraft:stone_shovel":21,"minecraft:cooked_salmon":31,"minecraft:trial_key":5,"minecraft:netherrack":12,"minecraft:orange_bed":4,"minecraft:torch":199,"minecraft:dirt":3,"minecraft:granite":21,"minecraft:iron_hoe":148,"minecraft:bookshelf":8,"minecraft:waxed_cut_copper":2,"minecraft:iron_axe":14,"minecraft:red_candle":8,"minecraft:iron_boots":3,"minecraft:golden_carrot":4,"minecraft:waxed_cut_copper_slab":3,"minecraft:cooked_beef":12,"minecraft:cobbled_deepslate":3,"minecraft:iron_leggings":4,"minecraft:wheat_seeds":160,"minecraft:cooked_mutton":8,"minecraft:water_bucket":97,"minecraft:baked_potato":8,"minecraft:waxed_oxidized_cut_copper":16,"minecraft:red_glazed_terracotta":1,"minecraft:waxed_copper_block":19,"minecraft:tnt":2,"minecraft:crafting_table":14,"minecraft:white_bed":5,"minecraft:cake":1,"minecraft:polished_tuff_slab":1,"minecraft:apple":2,"minecraft:ominous_trial_key":2,"minecraft:wind_charge":4,"minecraft:iron_pickaxe":622,"minecraft:stone_axe":27,"minecraft:cobblestone":85,"minecraft:porkchop":2,"minecraft:cooked_porkchop":12,"minecraft:bucket":98,"minecraft:yellow_bed":2,"minecraft:gray_wool":2,"minecraft:splash_potion":3},"minecraft:killed_by":{"minecraft:creeper":1,"minecraft:ravager":1,"minecraft:bogged":2,"minecraft:vindicator":12,"minecraft:cave_spider":1,"minecraft:witch":1,"minecraft:zombie":1,"minecraft:vex":4,"minecraft:player":16,"minecraft:stray":3,"minecraft:iron_golem":12,"minecraft:skeleton":2,"minecraft:breeze":2},"minecraft:custom":{"minecraft:interact_with_crafting_table":84,"minecraft:open_barrel":27,"minecraft:bell_ring":45,"minecraft:eat_cake_slice":7,"minecraft:leave_game":3,"minecraft:time_since_death":0,"minecraft:sprint_one_cm":1337257,"minecraft:damage_blocked_by_shield":5983,"minecraft:drop":343,"minecraft:talked_to_villager":63,"minecraft:play_time":433670,"minecraft:deaths":70,"minecraft:jump":7237,"minecraft:walk_on_water_one_cm":59606,"minecraft:enchant_item":1,"minecraft:interact_with_furnace":95,"minecraft:sleep_in_bed":13,"minecraft:damage_dealt":44373,"minecraft:player_kills":7,"minecraft:crouch_one_cm":80188,"minecraft:inspect_dispenser":18,"minecraft:mob_kills":240,"minecraft:interact_with_anvil":2,"minecraft:climb_one_cm":22293,"minecraft:walk_one_cm":875529,"minecraft:damage_dealt_absorbed":24,"minecraft:raid_win":1,"minecraft:sneak_time":41413,"minecraft:walk_under_water_one_cm":57512,"minecraft:interact_with_blast_furnace":1,"minecraft:total_world_time":433670,"minecraft:time_since_rest":23446,"minecraft:damage_taken":26026,"minecraft:swim_one_cm":106979,"minecraft:fly_one_cm":1193081,"minecraft:open_chest":138,"minecraft:fall_one_cm":214131},"minecraft:broken":{"minecraft:iron_boots":2,"minecraft:stone_pickaxe":1,"minecraft:bow":1,"minecraft:flint_and_steel":1,"minecraft:iron_pickaxe":1,"minecraft:iron_helmet":3},"minecraft:mined":{"minecraft:white_bed":3,"minecraft:jungle_leaves":1,"minecraft:granite":21,"minecraft:acacia_log":20,"minecraft:chiseled_tuff_bricks":12,"minecraft:tuff_bricks":67,"minecraft:spawner":1,"minecraft:raw_iron_block":3,"minecraft:iron_ore":48,"minecraft:fire":83,"minecraft:deepslate_lapis_ore":3,"minecraft:pointed_dripstone":5,"minecraft:orange_bed":4,"minecraft:deepslate_redstone_ore":54,"minecraft:torch":4,"minecraft:poppy":1,"minecraft:nether_quartz_ore":55,"minecraft:cobblestone":28,"minecraft:cyan_bed":5,"minecraft:sugar_cane":7,"minecraft:oak_planks":14,"minecraft:wall_torch":21,"minecraft:seagrass":1,"minecraft:light_gray_stained_glass":2,"minecraft:wheat":78,"minecraft:waxed_copper_block":10,"minecraft:oak_log":37,"minecraft:waxed_oxidized_copper":4,"minecraft:sand":9,"minecraft:dirt":2,"minecraft:netherrack":30,"minecraft:deepslate":24,"minecraft:nether_gold_ore":19,"minecraft:tuff":20,"minecraft:stone_button":1,"minecraft:decorated_pot":60,"minecraft:redstone_ore":6,"minecraft:waxed_oxidized_cut_copper":11,"minecraft:furnace":2,"minecraft:waxed_copper_grate":4,"minecraft:andesite":49,"minecraft:chiseled_tuff":1,"minecraft:deepslate_iron_ore":4,"minecraft:stripped_oak_log":1,"minecraft:bamboo":2,"minecraft:stone":119,"minecraft:redstone_block":18,"minecraft:crafting_table":10,"minecraft:short_grass":156,"minecraft:lectern":1,"minecraft:tall_grass":4,"minecraft:copper_ore":48,"minecraft:red_glazed_terracotta":1,"minecraft:lapis_ore":13,"minecraft:deepslate_gold_ore":8,"minecraft:diorite":6,"minecraft:waxed_oxidized_copper_grate":3,"minecraft:yellow_bed":2,"minecraft:coal_ore":148,"minecraft:gravel":29,"minecraft:cobweb":26},"minecraft:crafted":{"minecraft:oak_planks":152,"minecraft:cooked_chicken":7,"minecraft:bookshelf":8,"minecraft:cooked_mutton":19,"minecraft:mace":1,"minecraft:bow":1,"minecraft:iron_boots":5,"minecraft:chest":4,"minecraft:cooked_porkchop":12,"minecraft:crafting_table":5,"minecraft:iron_helmet":4,"minecraft:wooden_pickaxe":1,"minecraft:baked_potato":1,"minecraft:copper_ingot":51,"minecraft:diamond_pickaxe":1,"minecraft:iron_chestplate":2,"minecraft:paper":6,"minecraft:emerald_block":8,"minecraft:shield":2,"minecraft:stick":76,"minecraft:iron_ingot":117,"minecraft:iron_pickaxe":2,"minecraft:iron_block":1,"minecraft:stone_sword":1,"minecraft:gold_ingot":8,"minecraft:shears":2,"minecraft:raw_iron":36,"minecraft:stone_shovel":1,"minecraft:iron_nugget":9,"minecraft:furnace":3,"minecraft:bone_meal":81,"minecraft:flint_and_steel":1,"minecraft:iron_axe":1,"minecraft:iron_hoe":1,"minecraft:stone_pickaxe":3,"minecraft:redstone_block":23,"minecraft:cooked_beef":19,"minecraft:enchanting_table":1,"minecraft:iron_sword":2,"minecraft:cooked_salmon":27,"minecraft:stone_axe":1,"minecraft:bread":22,"minecraft:air":0,"minecraft:iron_leggings":4,"minecraft:white_bed":2,"minecraft:acacia_planks":88,"minecraft:torch":140,"minecraft:firework_rocket":3},"minecraft:picked_up":{"minecraft:iron_chestplate":2,"minecraft:wheat":65,"minecraft:redstone_block":18,"minecraft:flower_pot":1,"minecraft:enchanted_book":3,"minecraft:music_disc_cat":1,"minecraft:string":94,"minecraft:raw_copper":159,"minecraft:waxed_cut_copper_slab":3,"minecraft:cooked_salmon":10,"minecraft:iron_leggings":2,"minecraft:red_candle":19,"minecraft:gold_nugget":71,"minecraft:cobbled_deepslate":31,"minecraft:trial_key":5,"minecraft:wooden_shovel":1,"minecraft:iron_pickaxe":6,"minecraft:iron_boots":4,"minecraft:furnace":10,"minecraft:tipped_arrow":34,"minecraft:stick":54,"minecraft:torch":115,"minecraft:acacia_log":22,"minecraft:porkchop":28,"minecraft:pointed_dripstone":6,"minecraft:waxed_copper_grate":5,"minecraft:diorite":6,"minecraft:golden_chestplate":1,"minecraft:orange_bed":4,"minecraft:stone_sword":2,"minecraft:honey_bottle":2,"minecraft:rotten_flesh":43,"minecraft:waxed_cut_copper":2,"minecraft:cobblestone":497,"minecraft:cooked_beef":8,"minecraft:feather":13,"minecraft:andesite":96,"minecraft:golden_leggings":1,"minecraft:potato":1,"minecraft:flint":3,"minecraft:tuff":20,"minecraft:lapis_lazuli":140,"minecraft:dirt":6,"minecraft:bone":82,"minecraft:bow":13,"minecraft:wheat_seeds":212,"minecraft:raw_gold":8,"minecraft:bell":2,"minecraft:bolt_armor_trim_smithing_template":2,"minecraft:glowstone_dust":3,"minecraft:bamboo":24,"minecraft:oak_planks":219,"minecraft:honeycomb":3,"minecraft:sand":9,"minecraft:cyan_bed":6,"minecraft:dispenser":1,"minecraft:sugar":1,"minecraft:diamond":8,"minecraft:waxed_oxidized_copper_grate":4,"minecraft:granite":43,"minecraft:crossbow":7,"minecraft:breeze_rod":11,"minecraft:emerald":127,"minecraft:netherrack":34,"minecraft:ominous_trial_key":3,"minecraft:waxed_oxidized_cut_copper":16,"minecraft:crafting_table":14,"minecraft:ominous_bottle":1,"minecraft:chicken":15,"minecraft:wooden_pickaxe":1,"minecraft:brick":17,"minecraft:shield":7,"minecraft:wind_charge":9,"minecraft:flow_banner_pattern":1,"minecraft:iron_axe":14,"minecraft:flint_and_steel":5,"minecraft:beef":26,"minecraft:chiseled_tuff":1,"minecraft:poppy":13,"minecraft:lectern":2,"minecraft:sugar_cane":8,"minecraft:waxed_oxidized_copper":7,"minecraft:egg":3,"minecraft:raw_iron":52,"minecraft:stone_button":9,"minecraft:cookie":64,"minecraft:carrot":5,"minecraft:redstone":276,"minecraft:tnt":2,"minecraft:stone_shovel":1,"minecraft:arrow":215,"minecraft:diamond_chestplate":2,"minecraft:decorated_pot":51,"minecraft:totem_of_undying":1,"minecraft:saddle":2,"minecraft:flow_armor_trim_smithing_template":2,"minecraft:tuff_bricks":105,"minecraft:mutton":35,"minecraft:white_wool":14,"minecraft:stripped_oak_log":1,"minecraft:golden_carrot":4,"minecraft:salmon":27,"minecraft:leather":10,"minecraft:red_glazed_terracotta":1,"minecraft:red_mushroom":1,"minecraft:oak_log":37,"minecraft:waxed_copper_block":21,"minecraft:yellow_bed":4,"minecraft:gunpowder":11,"minecraft:white_banner":2,"minecraft:apple":1,"minecraft:polished_tuff_slab":1,"minecraft:iron_ingot":113,"minecraft:stone_pickaxe":4,"minecraft:glass_bottle":1,"minecraft:iron_sword":3,"minecraft:acacia_sapling":1,"minecraft:book":3,"minecraft:emerald_block":1,"minecraft:heavy_core":1,"minecraft:quartz":55,"minecraft:dandelion":1,"minecraft:raw_iron_block":4,"minecraft:gravel":55,"minecraft:white_bed":3,"minecraft:polished_tuff":12,"minecraft:spider_eye":11,"minecraft:slime_ball":8,"minecraft:stone_axe":3,"minecraft:iron_helmet":4,"minecraft:diamond_axe":2,"minecraft:gray_wool":10,"minecraft:baked_potato":7,"minecraft:brown_banner":5,"minecraft:black_wool":1,"minecraft:coal":213,"minecraft:chiseled_tuff_bricks":14,"minecraft:ender_pearl":1}},"DataVersion":3953}