{"stats":{"minecraft:mined":{"minecraft:grass":2,"minecraft:tall_grass":1},"minecraft:custom":{"minecraft:jump":142,"minecraft:open_chest":3,"minecraft:time_since_rest":5336,"minecraft:crouch_one_cm":32,"minecraft:leave_game":1,"minecraft:sprint_one_cm":15516,"minecraft:play_time":5336,"minecraft:walk_on_water_one_cm":805,"minecraft:time_since_death":5336,"minecraft:walk_one_cm":8442,"minecraft:sneak_time":20,"minecraft:total_world_time":5336,"minecraft:fall_one_cm":2208,"minecraft:fly_one_cm":33324}},"DataVersion":3465}