{"stats":{"minecraft:used":{"minecraft:wooden_axe":59,"minecraft:apple":3,"minecraft:stone_pickaxe":35,"minecraft:wooden_pickaxe":9,"minecraft:rotten_flesh":2,"minecraft:stone_axe":6,"minecraft:wooden_sword":2,"minecraft:crafting_table":5,"minecraft:granite":1},"minecraft:killed_by":{"minecraft:zombie":1,"minecraft:enderman":1},"minecraft:killed":{"minecraft:skeleton":1,"minecraft:zombie":1,"minecraft:spider":1,"minecraft:creeper":1},"minecraft:crafted":{"minecraft:wooden_sword":1,"minecraft:oak_planks":200,"minecraft:crafting_table":2,"minecraft:stick":20,"minecraft:wooden_pickaxe":2,"minecraft:stone_pickaxe":1,"minecraft:wooden_axe":2,"minecraft:stone_axe":1},"minecraft:picked_up":{"minecraft:wooden_axe":1,"minecraft:raw_iron":16,"minecraft:sandstone":1,"minecraft:stick":8,"minecraft:crafting_table":6,"minecraft:feather":2,"minecraft:chicken":2,"minecraft:leather":4,"minecraft:wooden_pickaxe":1,"minecraft:sand":18,"minecraft:oak_log":51,"minecraft:spider_eye":4,"minecraft:string":2,"minecraft:bone":18,"minecraft:arrow":4,"minecraft:rotten_flesh":7,"minecraft:apple":3,"minecraft:stone_axe":1,"minecraft:wheat_seeds":2,"minecraft:rabbit_hide":2,"minecraft:beef":4,"minecraft:granite":1,"minecraft:stone_pickaxe":1,"minecraft:rabbit":2,"minecraft:oak_sapling":11,"minecraft:oak_planks":88,"minecraft:coal":12,"minecraft:cobblestone":30,"minecraft:ender_pearl":1},"minecraft:mined":{"minecraft:large_fern":2,"minecraft:iron_ore":12,"minecraft:crafting_table":5,"minecraft:granite":1,"minecraft:short_grass":2,"minecraft:coal_ore":10,"minecraft:oak_log":51,"minecraft:packed_ice":1,"minecraft:stone":21,"minecraft:oak_leaves":4},"minecraft:custom":{"minecraft:time_since_rest":8697,"minecraft:sprint_one_cm":83986,"minecraft:damage_taken":610,"minecraft:walk_one_cm":150270,"minecraft:mob_kills":32,"minecraft:damage_dealt":1252,"minecraft:swim_one_cm":4453,"minecraft:interact_with_crafting_table":5,"minecraft:fly_one_cm":99298,"minecraft:crouch_one_cm":6,"minecraft:play_time":36266,"minecraft:deaths":2,"minecraft:sneak_time":21,"minecraft:walk_under_water_one_cm":956,"minecraft:jump":615,"minecraft:leave_game":1,"minecraft:walk_on_water_one_cm":6290,"minecraft:time_since_death":8663,"minecraft:total_world_time":36266,"minecraft:fall_one_cm":10939}},"DataVersion":3953}