{"stats":{"minecraft:killed":{"minecraft:cave_spider":45,"minecraft:witch":3,"minecraft:spider":8,"minecraft:skeleton":23,"minecraft:silverfish":7,"minecraft:piglin":2,"minecraft:iron_golem":32,"minecraft:creeper":6,"minecraft:pillager":11,"minecraft:zombie":54,"minecraft:stray":75,"minecraft:ghast":2,"minecraft:cow":2,"minecraft:vex":1,"minecraft:evoker":2,"minecraft:bogged":37,"minecraft:vindicator":15,"minecraft:slime":13,"minecraft:drowned":2,"minecraft:ravager":2,"minecraft:breeze":19,"minecraft:enderman":4},"minecraft:dropped":{"minecraft:ominous_bottle":1,"minecraft:lapis_lazuli":122,"minecraft:baked_potato":11,"minecraft:diamond":1,"minecraft:glass_bottle":1,"minecraft:crafting_table":1,"minecraft:decorated_pot":2,"minecraft:cookie":80,"minecraft:leather":1,"minecraft:heavy_core":2,"minecraft:music_disc_creator_music_box":1,"minecraft:dirt":257,"minecraft:mace":3,"minecraft:stone_button":1,"minecraft:scrape_pottery_sherd":1,"minecraft:netherite_boots":1,"minecraft:bone_meal":15,"minecraft:bolt_armor_trim_smithing_template":1,"minecraft:iron_pickaxe":4,"minecraft:bone":137,"minecraft:gravel":28,"minecraft:stone_axe":2,"minecraft:cooked_chicken":6,"minecraft:golden_chestplate":2,"minecraft:chiseled_tuff_bricks":4,"minecraft:cobbled_deepslate":5,"minecraft:netherite_sword":2,"minecraft:pointed_dripstone":1,"minecraft:rotten_flesh":47,"minecraft:oak_planks":244,"minecraft:enchanted_golden_apple":1,"minecraft:glowstone_dust":2,"minecraft:honey_bottle":1,"minecraft:chainmail_chestplate":1,"minecraft:poppy":3,"minecraft:tipped_arrow":24,"minecraft:red_candle":12,"minecraft:gunpowder":1,"minecraft:melon_seeds":2,"minecraft:arrow":51,"minecraft:scaffolding":25,"minecraft:enchanted_book":3,"minecraft:bread":26,"minecraft:iron_ingot":65,"minecraft:wheat_seeds":21,"minecraft:netherite_helmet":1,"minecraft:netherite_chestplate":3,"minecraft:iron_helmet":1,"minecraft:cobblestone":183,"minecraft:book":1,"minecraft:polished_tuff":1,"minecraft:ominous_trial_key":3,"minecraft:acacia_log":1,"minecraft:coal":4,"minecraft:flow_armor_trim_smithing_template":1,"minecraft:stick":5,"minecraft:lava_bucket":1,"minecraft:golden_carrot":4,"minecraft:torch":39,"minecraft:wooden_hoe":2,"minecraft:cooked_salmon":9,"minecraft:diamond_helmet":2,"minecraft:potion":1,"minecraft:iron_leggings":2,"minecraft:raw_iron_block":2,"minecraft:flow_banner_pattern":2,"minecraft:string":2,"minecraft:acacia_planks":3,"minecraft:music_disc_cat":1,"minecraft:tuff_bricks":6,"minecraft:stone_sword":3,"minecraft:bowl":7,"minecraft:bamboo_hanging_sign":2,"minecraft:guster_banner_pattern":1,"minecraft:tuff":137,"minecraft:raw_iron":5,"minecraft:chicken":2,"minecraft:suspicious_stew":7,"minecraft:netherite_leggings":4,"minecraft:blast_furnace":1,"minecraft:diamond_sword":3,"minecraft:shield":4,"minecraft:trial_key":7,"minecraft:diamond_chestplate":2,"minecraft:waxed_cut_copper":2,"minecraft:iron_chestplate":3,"minecraft:yellow_bed":2,"minecraft:golden_sword":1,"minecraft:spider_eye":9,"minecraft:bamboo":26,"minecraft:diamond_boots":1,"minecraft:slime_ball":42,"minecraft:bow":5,"minecraft:stone_pickaxe":3,"minecraft:bell":1},"minecraft:used":{"minecraft:tuff_bricks":27,"minecraft:poppy":32,"minecraft:decorated_pot":1,"minecraft:chest":5,"minecraft:shield":137,"minecraft:stone":28,"minecraft:iron_sword":277,"minecraft:zombie_spawn_egg":10,"minecraft:bell":2,"minecraft:rotten_flesh":14,"minecraft:crafter":1,"minecraft:tuff":27,"minecraft:obsidian":8,"minecraft:waxed_oxidized_copper_grate":2,"minecraft:lava_bucket":86,"minecraft:grass_block":9,"minecraft:villager_spawn_egg":10,"minecraft:iron_helmet":1,"minecraft:bedrock":1,"minecraft:repeater":1,"minecraft:bow":123,"minecraft:ominous_bottle":5,"minecraft:furnace":2,"minecraft:acacia_fence":37,"minecraft:diamond_boots":1,"minecraft:cow_spawn_egg":2,"minecraft:acacia_trapdoor":4,"minecraft:stone_pickaxe":556,"minecraft:oak_planks":70,"minecraft:redstone_block":5,"minecraft:golden_apple":1,"minecraft:sand":8,"minecraft:yellow_terracotta":14,"minecraft:crossbow":107,"minecraft:dripstone_block":2,"minecraft:polished_tuff":1,"minecraft:redstone_torch":26,"minecraft:sticky_piston":5,"minecraft:firework_rocket":1,"minecraft:acacia_door":3,"minecraft:mace":121,"minecraft:barrier":3,"minecraft:string":6,"minecraft:bread":7,"minecraft:deepslate":1,"minecraft:gravel":17,"minecraft:chiseled_tuff_bricks":6,"minecraft:diamond_sword":855,"minecraft:golden_pickaxe":19,"minecraft:bone_meal":140,"minecraft:experience_bottle":512,"minecraft:acacia_log":19,"minecraft:stone_sword":36,"minecraft:flint_and_steel":8,"minecraft:stone_shovel":69,"minecraft:redstone":35,"minecraft:cooked_salmon":121,"minecraft:trial_key":17,"minecraft:cooked_chicken":8,"minecraft:netherrack":11,"minecraft:orange_bed":5,"minecraft:torch":268,"minecraft:dirt":99,"minecraft:anvil":1,"minecraft:diamond_helmet":1,"minecraft:raw_iron_block":5,"minecraft:granite":2,"minecraft:wooden_axe":13,"minecraft:bookshelf":14,"minecraft:iron_block":1,"minecraft:iron_axe":88,"minecraft:acacia_slab":16,"minecraft:bamboo":5,"minecraft:diamond_chestplate":3,"minecraft:tripwire_hook":2,"minecraft:golden_carrot":24,"minecraft:acacia_wood":1,"minecraft:zombified_piglin_spawn_egg":63,"minecraft:cobbled_deepslate":5,"minecraft:cooked_beef":10,"minecraft:acacia_planks":5,"minecraft:enchanted_golden_apple":1,"minecraft:iron_leggings":1,"minecraft:pointed_dripstone":17,"minecraft:wheat_seeds":14,"minecraft:acacia_boat":1,"minecraft:water_bucket":85,"minecraft:copper_trapdoor":2,"minecraft:cobblestone_stairs":108,"minecraft:baked_potato":3,"minecraft:iron_golem_spawn_egg":7,"minecraft:waxed_oxidized_cut_copper":2,"minecraft:cauldron":5,"minecraft:stonecutter":1,"minecraft:tnt":12,"minecraft:crafting_table":14,"minecraft:red_mushroom":1,"minecraft:white_bed":4,"minecraft:smoker":2,"minecraft:oak_log":3,"minecraft:acacia_stairs":18,"minecraft:diamond_pickaxe":97,"minecraft:apple":3,"minecraft:ominous_trial_key":5,"minecraft:wind_charge":92,"minecraft:iron_pickaxe":224,"minecraft:suspicious_stew":7,"minecraft:stone_axe":38,"minecraft:cobblestone":398,"minecraft:acacia_pressure_plate":2,"minecraft:white_banner":2,"minecraft:bucket":114,"minecraft:pumpkin_pie":5,"minecraft:yellow_bed":5,"minecraft:dandelion":1,"minecraft:diamond_leggings":1},"minecraft:killed_by":{"minecraft:evoker":2,"minecraft:zombified_piglin":2,"minecraft:ravager":3,"minecraft:drowned":3,"minecraft:bogged":3,"minecraft:vindicator":25,"minecraft:zombie":8,"minecraft:vex":8,"minecraft:player":7,"minecraft:stray":4,"minecraft:spider":1,"minecraft:enderman":2,"minecraft:iron_golem":23,"minecraft:skeleton":1,"minecraft:breeze":2},"minecraft:custom":{"minecraft:animals_bred":1,"minecraft:interact_with_crafting_table":52,"minecraft:open_barrel":12,"minecraft:bell_ring":30,"minecraft:leave_game":7,"minecraft:time_since_death":8898,"minecraft:damage_resisted":156,"minecraft:sprint_one_cm":1761772,"minecraft:damage_blocked_by_shield":8880,"minecraft:drop":279,"minecraft:talked_to_villager":21,"minecraft:play_time":593709,"minecraft:deaths":120,"minecraft:jump":12656,"minecraft:walk_on_water_one_cm":56614,"minecraft:enchant_item":28,"minecraft:interact_with_furnace":26,"minecraft:traded_with_villager":37,"minecraft:sleep_in_bed":17,"minecraft:damage_dealt":81424,"minecraft:player_kills":16,"minecraft:crouch_one_cm":31921,"minecraft:interact_with_smoker":1,"minecraft:use_cauldron":11,"minecraft:inspect_dispenser":2,"minecraft:mob_kills":379,"minecraft:interact_with_anvil":29,"minecraft:fill_cauldron":1,"minecraft:climb_one_cm":27464,"minecraft:walk_one_cm":1373795,"minecraft:raid_win":1,"minecraft:sneak_time":20973,"minecraft:walk_under_water_one_cm":16128,"minecraft:boat_one_cm":5336,"minecraft:interact_with_blast_furnace":2,"minecraft:total_world_time":593709,"minecraft:raid_trigger":1,"minecraft:interact_with_grindstone":1,"minecraft:interact_with_stonecutter":3,"minecraft:time_since_rest":8940,"minecraft:damage_taken":45687,"minecraft:damage_absorbed":194,"minecraft:swim_one_cm":31026,"minecraft:fly_one_cm":2867781,"minecraft:open_chest":100,"minecraft:fall_one_cm":473403},"minecraft:broken":{"minecraft:diamond_helmet":1,"minecraft:iron_boots":2,"minecraft:stone_pickaxe":2,"minecraft:diamond_leggings":1,"minecraft:shield":2,"minecraft:iron_helmet":1,"minecraft:golden_pickaxe":1},"minecraft:mined":{"minecraft:white_bed":2,"minecraft:cobblestone_stairs":2,"minecraft:jungle_leaves":1,"minecraft:granite":22,"minecraft:acacia_log":8,"minecraft:grass_block":46,"minecraft:chiseled_tuff_bricks":2,"minecraft:acacia_pressure_plate":1,"minecraft:tuff_bricks":28,"minecraft:spawner":2,"minecraft:raw_iron_block":2,"minecraft:glowstone":4,"minecraft:iron_ore":3,"minecraft:fire":75,"minecraft:polished_tuff":7,"minecraft:pointed_dripstone":7,"minecraft:dirt_path":2,"minecraft:polished_tuff_slab":2,"minecraft:orange_bed":4,"minecraft:torch":9,"minecraft:cobblestone":80,"minecraft:oak_planks":7,"minecraft:wall_torch":9,"minecraft:red_candle":6,"minecraft:wheat":5,"minecraft:oak_log":37,"minecraft:acacia_fence":37,"minecraft:dirt":92,"minecraft:stonecutter":1,"minecraft:netherrack":55,"minecraft:oak_leaves":47,"minecraft:deepslate":39,"minecraft:tuff":24,"minecraft:deepslate_diamond_ore":18,"minecraft:decorated_pot":32,"minecraft:acacia_slab":9,"minecraft:red_mushroom":1,"minecraft:waxed_oxidized_cut_copper":2,"minecraft:waxed_copper_grate":1,"minecraft:andesite":44,"minecraft:bell":3,"minecraft:bamboo":14,"minecraft:stone":441,"minecraft:acacia_leaves":6,"minecraft:glass_pane":1,"minecraft:dandelion":1,"minecraft:oak_fence":2,"minecraft:crafting_table":1,"minecraft:short_grass":77,"minecraft:tall_grass":2,"minecraft:copper_ore":2,"minecraft:lapis_ore":16,"minecraft:diorite":1,"minecraft:waxed_oxidized_copper_grate":6,"minecraft:coal_ore":12,"minecraft:acacia_door":2,"minecraft:dripstone_block":2,"minecraft:gravel":37,"minecraft:cobweb":27,"minecraft:acacia_planks":5},"minecraft:crafted":{"minecraft:smooth_stone":3,"minecraft:oak_planks":96,"minecraft:stone":3,"minecraft:suspicious_stew":7,"minecraft:mace":1,"minecraft:diamond_helmet":1,"minecraft:diamond_leggings":1,"minecraft:bow":4,"minecraft:iron_boots":1,"minecraft:smoker":1,"minecraft:emerald":18,"minecraft:cauldron":3,"minecraft:crafting_table":5,"minecraft:iron_helmet":1,"minecraft:diamond_pickaxe":1,"minecraft:charcoal":4,"minecraft:shield":3,"minecraft:stick":104,"minecraft:iron_pickaxe":1,"minecraft:iron_ingot":2,"minecraft:iron_block":3,"minecraft:golden_carrot":36,"minecraft:cookie":144,"minecraft:raw_iron":27,"minecraft:wind_charge":24,"minecraft:furnace":3,"minecraft:blast_furnace":1,"minecraft:bone_meal":155,"minecraft:stone_pickaxe":4,"minecraft:cooked_beef":4,"minecraft:firework_star":64,"minecraft:diamond_sword":1,"minecraft:acacia_boat":1,"minecraft:bread":1,"minecraft:air":0,"minecraft:wooden_axe":1,"minecraft:iron_leggings":1,"minecraft:anvil":1,"minecraft:pumpkin_pie":40,"minecraft:acacia_planks":12,"minecraft:torch":88,"minecraft:diamond_chestplate":1,"minecraft:firework_rocket":192},"minecraft:picked_up":{"minecraft:iron_chestplate":3,"minecraft:wheat":6,"minecraft:suspicious_stew":7,"minecraft:diamond_sword":3,"minecraft:acacia_pressure_plate":2,"minecraft:potion":7,"minecraft:enchanted_book":4,"minecraft:string":64,"minecraft:raw_copper":80,"minecraft:cooked_salmon":74,"minecraft:iron_leggings":1,"minecraft:red_candle":12,"minecraft:experience_bottle":59,"minecraft:diamond_leggings":1,"minecraft:cobbled_deepslate":10,"minecraft:trial_key":62,"minecraft:redstone_torch":4,"minecraft:iron_pickaxe":4,"minecraft:enchanted_golden_apple":2,"minecraft:iron_boots":1,"minecraft:tipped_arrow":158,"minecraft:stick":16,"minecraft:acacia_fence":37,"minecraft:torch":242,"minecraft:acacia_log":8,"minecraft:pointed_dripstone":4,"minecraft:golden_chestplate":2,"minecraft:orange_bed":4,"minecraft:stone_sword":8,"minecraft:honey_bottle":3,"minecraft:rotten_flesh":83,"minecraft:iron_block":1,"minecraft:netherite_chestplate":1,"minecraft:waxed_cut_copper":2,"minecraft:cobblestone":1609,"minecraft:cooked_beef":6,"minecraft:water_bucket":1,"minecraft:andesite":100,"minecraft:flint":2,"minecraft:tuff":176,"minecraft:netherite_leggings":1,"minecraft:lapis_lazuli":268,"minecraft:dirt":703,"minecraft:bone":265,"minecraft:acacia_planks":5,"minecraft:stonecutter":1,"minecraft:bow":12,"minecraft:wheat_seeds":51,"minecraft:bell":3,"minecraft:bolt_armor_trim_smithing_template":1,"minecraft:guster_banner_pattern":3,"minecraft:glowstone_dust":17,"minecraft:bamboo":103,"minecraft:scrape_pottery_sherd":4,"minecraft:oak_planks":671,"minecraft:sand":8,"minecraft:diamond":24,"minecraft:waxed_oxidized_copper_grate":2,"minecraft:granite":36,"minecraft:crossbow":4,"minecraft:breeze_rod":59,"minecraft:golden_apple":8,"minecraft:emerald":301,"minecraft:bread":42,"minecraft:oak_sapling":24,"minecraft:netherrack":11,"minecraft:ominous_trial_key":8,"minecraft:waxed_oxidized_cut_copper":2,"minecraft:crafting_table":1,"minecraft:ominous_bottle":8,"minecraft:chicken":2,"minecraft:golden_pickaxe":1,"minecraft:brick":83,"minecraft:shield":7,"minecraft:wind_charge":127,"minecraft:acacia_door":2,"minecraft:flow_banner_pattern":2,"minecraft:flint_and_steel":1,"minecraft:beef":4,"minecraft:poppy":31,"minecraft:raw_iron":8,"minecraft:bamboo_hanging_sign":2,"minecraft:flow_pottery_sherd":1,"minecraft:mace":2,"minecraft:stone_button":1,"minecraft:cookie":16,"minecraft:redstone":37,"minecraft:music_disc_creator_music_box":4,"minecraft:stone_shovel":5,"minecraft:arrow":420,"minecraft:diamond_chestplate":5,"minecraft:decorated_pot":31,"minecraft:diamond_boots":1,"minecraft:totem_of_undying":6,"minecraft:saddle":3,"minecraft:flow_armor_trim_smithing_template":1,"minecraft:tuff_bricks":41,"minecraft:golden_carrot":5,"minecraft:leather":15,"minecraft:red_mushroom":1,"minecraft:oak_log":36,"minecraft:chainmail_chestplate":1,"minecraft:yellow_bed":2,"minecraft:gunpowder":7,"minecraft:cobblestone_stairs":166,"minecraft:wooden_hoe":2,"minecraft:paper":2,"minecraft:white_banner":10,"minecraft:apple":3,"minecraft:iron_ingot":230,"minecraft:stone_pickaxe":9,"minecraft:cooked_chicken":14,"minecraft:glass_bottle":2,"minecraft:iron_sword":2,"minecraft:scaffolding":25,"minecraft:emerald_block":2,"minecraft:heavy_core":2,"minecraft:dripstone_block":2,"minecraft:dandelion":1,"minecraft:raw_iron_block":3,"minecraft:gravel":56,"minecraft:lava_bucket":1,"minecraft:white_bed":2,"minecraft:polished_tuff":2,"minecraft:spider_eye":12,"minecraft:slime_ball":84,"minecraft:stone_axe":8,"minecraft:iron_helmet":2,"minecraft:baked_potato":14,"minecraft:acacia_slab":10,"minecraft:melon_seeds":2,"minecraft:chiseled_tuff_bricks":11,"minecraft:coal":36,"minecraft:ender_pearl":8}},"DataVersion":3953}