{"stats":{"minecraft:dropped":{"minecraft:iron_sword":2,"minecraft:ominous_bottle":1,"minecraft:lapis_lazuli":122,"minecraft:baked_potato":11,"minecraft:diamond":1,"minecraft:glass_bottle":2,"minecraft:crafting_table":1,"minecraft:decorated_pot":2,"minecraft:cookie":80,"minecraft:leather":1,"minecraft:heavy_core":2,"minecraft:music_disc_creator_music_box":1,"minecraft:gold_block":59,"minecraft:dirt":321,"minecraft:mace":4,"minecraft:stone_button":1,"minecraft:scrape_pottery_sherd":1,"minecraft:netherite_boots":1,"minecraft:gold_nugget":3,"minecraft:bone_meal":15,"minecraft:phantom_membrane":1,"minecraft:polished_blackstone_bricks":1,"minecraft:bolt_armor_trim_smithing_template":1,"minecraft:glistering_melon_slice":6,"minecraft:iron_pickaxe":4,"minecraft:gold_ingot":1,"minecraft:bone":143,"minecraft:gravel":28,"minecraft:stone_axe":2,"minecraft:chiseled_tuff_bricks":4,"minecraft:cooked_chicken":6,"minecraft:golden_chestplate":2,"minecraft:cobbled_deepslate":5,"minecraft:netherite_sword":10,"minecraft:pointed_dripstone":1,"minecraft:rotten_flesh":88,"minecraft:oak_planks":244,"minecraft:enchanted_golden_apple":1,"minecraft:glowstone_dust":2,"minecraft:acacia_stairs":3,"minecraft:honey_bottle":1,"minecraft:carrot":1,"minecraft:chainmail_chestplate":1,"minecraft:poppy":12,"minecraft:leather_chestplate":1,"minecraft:tipped_arrow":24,"minecraft:trident":1,"minecraft:red_candle":12,"minecraft:gunpowder":2,"minecraft:melon_seeds":7,"minecraft:arrow":51,"minecraft:glass":2,"minecraft:scaffolding":25,"minecraft:netherrack":251,"minecraft:firework_rocket":192,"minecraft:enchanted_book":4,"minecraft:bread":26,"minecraft:iron_ingot":65,"minecraft:golden_boots":1,"minecraft:wheat_seeds":71,"minecraft:netherite_helmet":1,"minecraft:netherite_chestplate":3,"minecraft:book":1,"minecraft:cobblestone":277,"minecraft:iron_helmet":2,"minecraft:polished_tuff":1,"minecraft:ominous_trial_key":3,"minecraft:grass_block":2,"minecraft:acacia_log":833,"minecraft:coal":19,"minecraft:flow_armor_trim_smithing_template":1,"minecraft:stick":5,"minecraft:acacia_sign":4,"minecraft:lava_bucket":1,"minecraft:golden_carrot":5,"minecraft:wooden_hoe":2,"minecraft:torch":39,"minecraft:cooked_salmon":9,"minecraft:diamond_helmet":2,"minecraft:potion":1,"minecraft:iron_leggings":3,"minecraft:armadillo_scute":1,"minecraft:iron_axe":1,"minecraft:raw_iron_block":2,"minecraft:flow_banner_pattern":2,"minecraft:acacia_planks":3,"minecraft:music_disc_cat":2,"minecraft:string":2,"minecraft:tuff_bricks":6,"minecraft:stone_sword":3,"minecraft:bowl":7,"minecraft:bamboo_hanging_sign":2,"minecraft:guster_banner_pattern":1,"minecraft:tuff":137,"minecraft:raw_iron":5,"minecraft:chicken":2,"minecraft:iron_boots":1,"minecraft:totem_of_undying":1,"minecraft:pumpkin_seeds":3,"minecraft:suspicious_stew":7,"minecraft:netherite_leggings":4,"minecraft:blast_furnace":1,"minecraft:diamond_sword":6,"minecraft:trial_key":7,"minecraft:shield":4,"minecraft:diamond_chestplate":2,"minecraft:waxed_cut_copper":2,"minecraft:iron_chestplate":4,"minecraft:yellow_bed":2,"minecraft:golden_sword":2,"minecraft:spider_eye":20,"minecraft:bamboo":26,"minecraft:diamond_boots":1,"minecraft:slime_ball":42,"minecraft:stone_pickaxe":3,"minecraft:bow":5,"minecraft:bell":1},"minecraft:used":{"minecraft:tuff_bricks":27,"minecraft:poppy":48,"minecraft:ladder":2,"minecraft:decorated_pot":1,"minecraft:chest":20,"minecraft:shield":169,"minecraft:stone":204,"minecraft:iron_sword":277,"minecraft:zombie_spawn_egg":1726,"minecraft:bell":6,"minecraft:rotten_flesh":14,"minecraft:soul_sand":17,"minecraft:crafter":1,"minecraft:carrot":2,"minecraft:acacia_sapling":2,"minecraft:tuff":27,"minecraft:obsidian":265,"minecraft:warden_spawn_egg":1,"minecraft:waxed_oxidized_copper_grate":2,"minecraft:lava_bucket":106,"minecraft:lantern":19,"minecraft:villager_spawn_egg":20,"minecraft:grass_block":204,"minecraft:iron_helmet":1,"minecraft:red_carpet":9,"minecraft:bedrock":1,"minecraft:repeater":1,"minecraft:bow":374,"minecraft:ominous_bottle":6,"minecraft:furnace":6,"minecraft:acacia_fence":57,"minecraft:spider_spawn_egg":4,"minecraft:armadillo_spawn_egg":1,"minecraft:diamond_boots":3,"minecraft:cow_spawn_egg":2,"minecraft:acacia_trapdoor":21,"minecraft:stone_pickaxe":556,"minecraft:oak_planks":71,"minecraft:leather_chestplate":1,"minecraft:redstone_block":5,"minecraft:diamond_axe":338,"minecraft:white_wool":3,"minecraft:golden_apple":1,"minecraft:sand":10,"minecraft:netherite_leggings":1,"minecraft:yellow_terracotta":43,"minecraft:blast_furnace":2,"minecraft:blue_ice":43,"minecraft:crossbow":135,"minecraft:sponge":12,"minecraft:dripstone_block":2,"minecraft:polished_tuff":1,"minecraft:redstone_torch":26,"minecraft:sticky_piston":5,"minecraft:firework_rocket":1,"minecraft:mace":168,"minecraft:acacia_door":3,"minecraft:barrier":3,"minecraft:string":6,"minecraft:bread":7,"minecraft:deepslate":1,"minecraft:gravel":19,"minecraft:golden_helmet":1,"minecraft:chiseled_tuff_bricks":6,"minecraft:diamond_sword":1540,"minecraft:smithing_table":2,"minecraft:tropical_fish_bucket":2,"minecraft:golden_pickaxe":19,"minecraft:bone_meal":140,"minecraft:experience_bottle":681,"minecraft:oak_fence":1,"minecraft:netherite_sword":143,"minecraft:stone_sword":36,"minecraft:acacia_log":152,"minecraft:flint_and_steel":25,"minecraft:stone_shovel":69,"minecraft:redstone":35,"minecraft:zombie_villager_spawn_egg":1,"minecraft:netherrack":212,"minecraft:cooked_salmon":121,"minecraft:cooked_chicken":9,"minecraft:trial_key":17,"minecraft:brewing_stand":3,"minecraft:orange_bed":36,"minecraft:torch":341,"minecraft:dirt":2022,"minecraft:anvil":2,"minecraft:hopper":3,"minecraft:diamond_helmet":2,"minecraft:raw_iron_block":5,"minecraft:granite":2,"minecraft:wooden_axe":13,"minecraft:bookshelf":14,"minecraft:iron_block":1,"minecraft:iron_axe":93,"minecraft:acacia_slab":70,"minecraft:bamboo":6,"minecraft:diamond_chestplate":3,"minecraft:tripwire_hook":2,"minecraft:golden_carrot":166,"minecraft:netherite_pickaxe":1225,"minecraft:acacia_wood":6,"minecraft:acacia_planks":275,"minecraft:zombified_piglin_spawn_egg":63,"minecraft:cooked_beef":14,"minecraft:cobbled_deepslate":5,"minecraft:enchanted_golden_apple":1,"minecraft:golden_axe":12,"minecraft:iron_leggings":1,"minecraft:pointed_dripstone":17,"minecraft:wheat_seeds":14,"minecraft:cooked_mutton":1,"minecraft:acacia_boat":3,"minecraft:water_bucket":395,"minecraft:copper_trapdoor":2,"minecraft:cobblestone_stairs":108,"minecraft:netherite_chestplate":1,"minecraft:baked_potato":3,"minecraft:iron_golem_spawn_egg":16,"minecraft:waxed_oxidized_cut_copper":2,"minecraft:cauldron":6,"minecraft:stonecutter":2,"minecraft:cobblestone_slab":46,"minecraft:vine":2,"minecraft:tnt":68,"minecraft:crafting_table":15,"minecraft:red_mushroom":1,"minecraft:white_bed":5,"minecraft:smoker":4,"minecraft:oak_log":3,"minecraft:diamond_pickaxe":5262,"minecraft:acacia_stairs":18,"minecraft:apple":3,"minecraft:diamond_shovel":3115,"minecraft:ominous_trial_key":5,"minecraft:acacia_sign":52,"minecraft:wind_charge":112,"minecraft:mangrove_propagule":2,"minecraft:iron_pickaxe":224,"minecraft:suspicious_stew":7,"minecraft:spruce_trapdoor":1,"minecraft:golden_leggings":1,"minecraft:stone_axe":38,"minecraft:cobblestone":1866,"minecraft:potion":1,"minecraft:acacia_pressure_plate":2,"minecraft:white_banner":2,"minecraft:bucket":734,"minecraft:pumpkin_pie":17,"minecraft:glass_pane":61,"minecraft:yellow_bed":5,"minecraft:kelp":161,"minecraft:dandelion":2,"minecraft:diamond_leggings":1},"minecraft:killed_by":{"minecraft:evoker":3,"minecraft:zombified_piglin":2,"minecraft:ravager":4,"minecraft:drowned":3,"minecraft:bogged":3,"minecraft:vindicator":28,"minecraft:zombie":8,"minecraft:vex":9,"minecraft:player":7,"minecraft:stray":4,"minecraft:spider":1,"minecraft:enderman":3,"minecraft:iron_golem":35,"minecraft:skeleton":2,"minecraft:breeze":2},"minecraft:mined":{"minecraft:white_bed":2,"minecraft:cobblestone_stairs":2,"minecraft:jungle_leaves":1,"minecraft:brewing_stand":2,"minecraft:obsidian":157,"minecraft:spruce_trapdoor":1,"minecraft:granite":22,"minecraft:acacia_log":165,"minecraft:grass_block":1488,"minecraft:cracked_polished_blackstone_bricks":1,"minecraft:chiseled_tuff_bricks":2,"minecraft:acacia_pressure_plate":1,"minecraft:tuff_bricks":28,"minecraft:spawner":2,"minecraft:polished_blackstone_bricks":7,"minecraft:raw_iron_block":2,"minecraft:magma_block":228,"minecraft:glowstone":4,"minecraft:iron_ore":3,"minecraft:fire":107,"minecraft:polished_tuff":7,"minecraft:pointed_dripstone":7,"minecraft:dirt_path":12,"minecraft:polished_tuff_slab":2,"minecraft:orange_bed":25,"minecraft:blackstone":2,"minecraft:smoker":1,"minecraft:torch":15,"minecraft:blast_furnace":1,"minecraft:poppy":1,"minecraft:chest":3,"minecraft:nether_quartz_ore":63,"minecraft:cobblestone":335,"minecraft:sugar_cane":4,"minecraft:oak_planks":8,"minecraft:wall_torch":25,"minecraft:cauldron":1,"minecraft:red_candle":6,"minecraft:wheat":5,"minecraft:oak_log":43,"minecraft:acacia_fence":37,"minecraft:sand":40,"minecraft:dirt":1503,"minecraft:yellow_terracotta":26,"minecraft:ancient_debris":4,"minecraft:stonecutter":1,"minecraft:netherrack":3701,"minecraft:oak_leaves":47,"minecraft:deepslate":39,"minecraft:nether_gold_ore":1,"minecraft:red_carpet":3,"minecraft:tuff":24,"minecraft:deepslate_diamond_ore":18,"minecraft:decorated_pot":32,"minecraft:acacia_slab":9,"minecraft:red_mushroom":1,"minecraft:mangrove_propagule":1,"minecraft:waxed_oxidized_cut_copper":2,"minecraft:furnace":2,"minecraft:acacia_trapdoor":1,"minecraft:waxed_copper_grate":1,"minecraft:acacia_wood":20,"minecraft:acacia_stairs":46,"minecraft:andesite":44,"minecraft:gold_block":17,"minecraft:bell":7,"minecraft:lantern":7,"minecraft:bamboo":74,"minecraft:stone":2312,"minecraft:white_wool":2,"minecraft:smithing_table":1,"minecraft:acacia_leaves":32,"minecraft:glass_pane":7,"minecraft:dandelion":1,"minecraft:oak_fence":3,"minecraft:crafting_table":1,"minecraft:short_grass":696,"minecraft:copper_ore":26,"minecraft:tall_grass":74,"minecraft:lapis_ore":16,"minecraft:diorite":1,"minecraft:waxed_oxidized_copper_grate":6,"minecraft:coal_ore":65,"minecraft:dripstone_block":2,"minecraft:gravel":233,"minecraft:acacia_door":3,"minecraft:cobweb":27,"minecraft:acacia_planks":91},"minecraft:crafted":{"minecraft:smooth_stone":3,"minecraft:oak_planks":100,"minecraft:cobblestone_slab":38,"minecraft:stone":18,"minecraft:diamond_shovel":1,"minecraft:suspicious_stew":7,"minecraft:glass":38,"minecraft:mace":1,"minecraft:diamond_helmet":1,"minecraft:diamond_leggings":1,"minecraft:bow":4,"minecraft:iron_boots":1,"minecraft:netherite_boots":1,"minecraft:chest":6,"minecraft:netherite_upgrade_smithing_template":10,"minecraft:smoker":1,"minecraft:emerald":76,"minecraft:cauldron":3,"minecraft:diamond_axe":1,"minecraft:crafting_table":6,"minecraft:acacia_slab":60,"minecraft:iron_helmet":1,"minecraft:smithing_table":1,"minecraft:book":1,"minecraft:paper":3,"minecraft:diamond_pickaxe":1,"minecraft:charcoal":4,"minecraft:shield":3,"minecraft:stick":606,"minecraft:iron_ingot":2,"minecraft:iron_pickaxe":1,"minecraft:iron_block":3,"minecraft:gold_ingot":81,"minecraft:netherite_ingot":10,"minecraft:shears":1,"minecraft:golden_carrot":36,"minecraft:cookie":144,"minecraft:raw_iron":27,"minecraft:netherite_sword":1,"minecraft:iron_nugget":63,"minecraft:experience_bottle":10,"minecraft:wind_charge":36,"minecraft:furnace":3,"minecraft:blast_furnace":1,"minecraft:bone_meal":155,"minecraft:glass_pane":96,"minecraft:flint_and_steel":1,"minecraft:lantern":7,"minecraft:netherite_leggings":1,"minecraft:ender_pearl":7,"minecraft:stone_pickaxe":4,"minecraft:diamond_boots":1,"minecraft:netherite_scrap":40,"minecraft:cooked_beef":4,"minecraft:firework_star":64,"minecraft:netherite_pickaxe":1,"minecraft:diamond_sword":1,"minecraft:glowstone":8,"minecraft:enchanted_book":1,"minecraft:acacia_boat":4,"minecraft:bread":1,"minecraft:air":0,"minecraft:wooden_axe":1,"minecraft:stonecutter":1,"minecraft:iron_leggings":1,"minecraft:anvil":1,"minecraft:white_bed":1,"minecraft:pumpkin_pie":40,"minecraft:acacia_planks":372,"minecraft:torch":156,"minecraft:lapis_lazuli":6,"minecraft:diamond_chestplate":1,"minecraft:firework_rocket":192},"minecraft:custom":{"minecraft:animals_bred":2,"minecraft:interact_with_crafting_table":85,"minecraft:open_barrel":12,"minecraft:bell_ring":159,"minecraft:leave_game":10,"minecraft:time_since_death":193118,"minecraft:damage_resisted":156,"minecraft:sprint_one_cm":3426730,"minecraft:damage_blocked_by_shield":12458,"minecraft:drop":426,"minecraft:talked_to_villager":75,"minecraft:play_time":1499637,"minecraft:deaths":144,"minecraft:jump":27302,"minecraft:interact_with_brewingstand":1,"minecraft:walk_on_water_one_cm":238761,"minecraft:enchant_item":38,"minecraft:interact_with_furnace":37,"minecraft:traded_with_villager":127,"minecraft:sleep_in_bed":25,"minecraft:damage_dealt":144990,"minecraft:player_kills":17,"minecraft:crouch_one_cm":72916,"minecraft:interact_with_smoker":1,"minecraft:use_cauldron":18,"minecraft:inspect_dispenser":2,"minecraft:interact_with_smithing_table":7,"minecraft:mob_kills":1298,"minecraft:interact_with_anvil":52,"minecraft:inspect_hopper":6,"minecraft:fill_cauldron":1,"minecraft:climb_one_cm":31391,"minecraft:walk_one_cm":3140066,"minecraft:raid_win":2,"minecraft:sneak_time":43821,"minecraft:walk_under_water_one_cm":239009,"minecraft:boat_one_cm":13168,"minecraft:interact_with_blast_furnace":14,"minecraft:total_world_time":1499637,"minecraft:raid_trigger":2,"minecraft:interact_with_grindstone":3,"minecraft:interact_with_stonecutter":4,"minecraft:time_since_rest":35789,"minecraft:damage_taken":63278,"minecraft:damage_absorbed":194,"minecraft:swim_one_cm":68089,"minecraft:fly_one_cm":6283203,"minecraft:open_chest":424,"minecraft:fall_one_cm":896174},"minecraft:broken":{"minecraft:diamond_helmet":1,"minecraft:iron_boots":2,"minecraft:stone_pickaxe":2,"minecraft:diamond_boots":1,"minecraft:diamond_leggings":1,"minecraft:shield":2,"minecraft:iron_helmet":1,"minecraft:golden_pickaxe":1},"minecraft:picked_up":{"minecraft:iron_chestplate":3,"minecraft:wheat":10,"minecraft:chainmail_boots":1,"minecraft:suspicious_stew":7,"minecraft:smithing_table":1,"minecraft:lead":3,"minecraft:diamond_sword":4,"minecraft:brewing_stand":2,"minecraft:acacia_pressure_plate":2,"minecraft:potion":8,"minecraft:enchanted_book":4,"minecraft:golden_sword":2,"minecraft:music_disc_cat":1,"minecraft:string":103,"minecraft:raw_copper":246,"minecraft:cooked_salmon":74,"minecraft:iron_leggings":1,"minecraft:red_candle":12,"minecraft:experience_bottle":59,"minecraft:diamond_leggings":1,"minecraft:gold_nugget":44,"minecraft:cobbled_deepslate":10,"minecraft:acacia_sign":27,"minecraft:trial_key":62,"minecraft:redstone_torch":4,"minecraft:iron_pickaxe":4,"minecraft:enchanted_golden_apple":2,"minecraft:furnace":2,"minecraft:iron_boots":1,"minecraft:tipped_arrow":158,"minecraft:golden_helmet":1,"minecraft:stick":43,"minecraft:acacia_fence":37,"minecraft:oak_fence":1,"minecraft:torch":270,"minecraft:acacia_log":805,"minecraft:pointed_dripstone":4,"minecraft:golden_chestplate":4,"minecraft:cauldron":1,"minecraft:orange_bed":25,"minecraft:stone_sword":8,"minecraft:honey_bottle":3,"minecraft:rotten_flesh":912,"minecraft:iron_block":1,"minecraft:armadillo_scute":10,"minecraft:netherite_chestplate":1,"minecraft:waxed_cut_copper":2,"minecraft:obsidian":154,"minecraft:cobblestone":3704,"minecraft:leather_chestplate":5,"minecraft:feather":7,"minecraft:cooked_beef":10,"minecraft:water_bucket":1,"minecraft:andesite":100,"minecraft:golden_leggings":2,"minecraft:smoker":1,"minecraft:flint":16,"minecraft:tuff":176,"minecraft:netherite_leggings":1,"minecraft:lapis_lazuli":268,"minecraft:dirt":3546,"minecraft:lantern":12,"minecraft:glass":2,"minecraft:leather_boots":1,"minecraft:bone":309,"minecraft:acacia_planks":91,"minecraft:bow":13,"minecraft:stonecutter":1,"minecraft:wheat_seeds":183,"minecraft:bell":7,"minecraft:bolt_armor_trim_smithing_template":1,"minecraft:guster_banner_pattern":3,"minecraft:bamboo":650,"minecraft:glowstone_dust":24,"minecraft:oak_planks":672,"minecraft:scrape_pottery_sherd":4,"minecraft:sand":48,"minecraft:grass_block":1,"minecraft:acacia_stairs":49,"minecraft:sugar":5,"minecraft:diamond":24,"minecraft:waxed_oxidized_copper_grate":2,"minecraft:breeze_rod":59,"minecraft:crossbow":6,"minecraft:granite":36,"minecraft:golden_apple":8,"minecraft:emerald":345,"minecraft:chainmail_helmet":1,"minecraft:bread":43,"minecraft:oak_sapling":31,"minecraft:netherrack":596,"minecraft:ominous_trial_key":8,"minecraft:waxed_oxidized_cut_copper":2,"minecraft:crafting_table":1,"minecraft:leather_leggings":1,"minecraft:chicken":3,"minecraft:ominous_bottle":8,"minecraft:golden_pickaxe":1,"minecraft:gold_block":73,"minecraft:brick":83,"minecraft:shield":7,"minecraft:wind_charge":127,"minecraft:flow_banner_pattern":2,"minecraft:iron_axe":4,"minecraft:acacia_door":3,"minecraft:flint_and_steel":1,"minecraft:netherite_sword":8,"minecraft:beef":4,"minecraft:poppy":59,"minecraft:chest":3,"minecraft:sugar_cane":10,"minecraft:phantom_membrane":6,"minecraft:raw_iron":8,"minecraft:bamboo_hanging_sign":2,"minecraft:polished_blackstone_bricks":3,"minecraft:flow_pottery_sherd":1,"minecraft:mace":3,"minecraft:stone_button":1,"minecraft:cookie":16,"minecraft:trident":1,"minecraft:carrot":6,"minecraft:redstone":84,"minecraft:music_disc_creator_music_box":4,"minecraft:arrow":495,"minecraft:stone_shovel":5,"minecraft:diamond_chestplate":5,"minecraft:decorated_pot":31,"minecraft:diamond_boots":1,"minecraft:yellow_terracotta":29,"minecraft:gold_ingot":1,"minecraft:saddle":8,"minecraft:flow_armor_trim_smithing_template":1,"minecraft:totem_of_undying":15,"minecraft:tuff_bricks":41,"minecraft:white_wool":7,"minecraft:golden_carrot":5,"minecraft:leather":24,"minecraft:red_mushroom":1,"minecraft:acacia_wood":20,"minecraft:oak_log":42,"minecraft:chainmail_chestplate":1,"minecraft:ancient_debris":4,"minecraft:golden_boots":4,"minecraft:yellow_bed":2,"minecraft:gunpowder":24,"minecraft:cobblestone_stairs":166,"minecraft:wooden_hoe":2,"minecraft:paper":2,"minecraft:white_banner":17,"minecraft:cooked_mutton":2,"minecraft:red_carpet":3,"minecraft:apple":3,"minecraft:kelp":145,"minecraft:acacia_trapdoor":2,"minecraft:stone_pickaxe":9,"minecraft:iron_ingot":287,"minecraft:cooked_chicken":21,"minecraft:tall_grass":1,"minecraft:glass_bottle":5,"minecraft:acacia_sapling":20,"minecraft:iron_sword":4,"minecraft:scaffolding":25,"minecraft:emerald_block":2,"minecraft:heavy_core":2,"minecraft:dripstone_block":2,"minecraft:quartz":126,"minecraft:dandelion":2,"minecraft:raw_iron_block":3,"minecraft:gravel":164,"minecraft:lava_bucket":4,"minecraft:blast_furnace":1,"minecraft:white_bed":2,"minecraft:polished_tuff":2,"minecraft:spider_eye":31,"minecraft:short_grass":1,"minecraft:pumpkin_seeds":3,"minecraft:slime_ball":84,"minecraft:stone_axe":8,"minecraft:chainmail_leggings":1,"minecraft:iron_helmet":2,"minecraft:baked_potato":18,"minecraft:acacia_slab":10,"minecraft:melon_seeds":5,"minecraft:chiseled_tuff_bricks":11,"minecraft:coal":236,"minecraft:mangrove_propagule":2,"minecraft:ender_pearl":9},"minecraft:killed":{"minecraft:cave_spider":45,"minecraft:zombified_piglin":43,"minecraft:witch":9,"minecraft:spider":24,"minecraft:skeleton":48,"minecraft:chicken":6,"minecraft:silverfish":7,"minecraft:piglin_brute":5,"minecraft:magma_cube":30,"minecraft:piglin":17,"minecraft:zombie_villager":2,"minecraft:iron_golem":49,"minecraft:strider":2,"minecraft:creeper":20,"minecraft:sheep":1,"minecraft:trader_llama":1,"minecraft:pillager":32,"minecraft:zombie":621,"minecraft:ghast":3,"minecraft:stray":75,"minecraft:cow":3,"minecraft:evoker":8,"minecraft:vex":3,"minecraft:bogged":37,"minecraft:vindicator":38,"minecraft:slime":13,"minecraft:phantom":5,"minecraft:drowned":14,"minecraft:warden":1,"minecraft:ravager":8,"minecraft:breeze":19,"minecraft:enderman":7}},"DataVersion":3953}