{"stats":{"minecraft:mined":{"minecraft:white_bed":2,"minecraft:cobblestone_stairs":2,"minecraft:jungle_leaves":1,"minecraft:spruce_trapdoor":1,"minecraft:granite":22,"minecraft:acacia_log":32,"minecraft:grass_block":679,"minecraft:cracked_polished_blackstone_bricks":1,"minecraft:chiseled_tuff_bricks":2,"minecraft:acacia_pressure_plate":1,"minecraft:tuff_bricks":28,"minecraft:spawner":2,"minecraft:polished_blackstone_bricks":7,"minecraft:raw_iron_block":2,"minecraft:glowstone":4,"minecraft:iron_ore":3,"minecraft:fire":100,"minecraft:polished_tuff":7,"minecraft:pointed_dripstone":7,"minecraft:dirt_path":3,"minecraft:polished_tuff_slab":2,"minecraft:orange_bed":10,"minecraft:torch":11,"minecraft:poppy":1,"minecraft:chest":2,"minecraft:cobblestone":147,"minecraft:sugar_cane":4,"minecraft:oak_planks":8,"minecraft:wall_torch":16,"minecraft:red_candle":6,"minecraft:wheat":5,"minecraft:oak_log":37,"minecraft:acacia_fence":37,"minecraft:dirt":763,"minecraft:stonecutter":1,"minecraft:netherrack":203,"minecraft:deepslate":39,"minecraft:oak_leaves":47,"minecraft:tuff":24,"minecraft:deepslate_diamond_ore":18,"minecraft:decorated_pot":32,"minecraft:acacia_slab":9,"minecraft:mangrove_propagule":1,"minecraft:red_mushroom":1,"minecraft:waxed_oxidized_cut_copper":2,"minecraft:waxed_copper_grate":1,"minecraft:acacia_wood":1,"minecraft:andesite":44,"minecraft:gold_block":17,"minecraft:bell":7,"minecraft:bamboo":74,"minecraft:stone":591,"minecraft:white_wool":2,"minecraft:acacia_leaves":11,"minecraft:glass_pane":1,"minecraft:dandelion":1,"minecraft:oak_fence":3,"minecraft:crafting_table":1,"minecraft:short_grass":586,"minecraft:copper_ore":2,"minecraft:tall_grass":64,"minecraft:lapis_ore":16,"minecraft:diorite":1,"minecraft:waxed_oxidized_copper_grate":6,"minecraft:coal_ore":12,"minecraft:dripstone_block":2,"minecraft:gravel":48,"minecraft:acacia_door":2,"minecraft:cobweb":27,"minecraft:acacia_planks":5},"minecraft:used":{"minecraft:tuff_bricks":27,"minecraft:ladder":2,"minecraft:poppy":47,"minecraft:decorated_pot":1,"minecraft:chest":20,"minecraft:shield":155,"minecraft:stone":142,"minecraft:iron_sword":277,"minecraft:zombie_spawn_egg":1407,"minecraft:bell":6,"minecraft:rotten_flesh":14,"minecraft:soul_sand":17,"minecraft:crafter":1,"minecraft:tuff":27,"minecraft:warden_spawn_egg":1,"minecraft:obsidian":8,"minecraft:waxed_oxidized_copper_grate":2,"minecraft:lava_bucket":86,"minecraft:villager_spawn_egg":20,"minecraft:grass_block":14,"minecraft:iron_helmet":1,"minecraft:bedrock":1,"minecraft:repeater":1,"minecraft:bow":290,"minecraft:ominous_bottle":6,"minecraft:furnace":2,"minecraft:acacia_fence":40,"minecraft:spider_spawn_egg":4,"minecraft:armadillo_spawn_egg":1,"minecraft:cow_spawn_egg":2,"minecraft:diamond_boots":3,"minecraft:acacia_trapdoor":14,"minecraft:stone_pickaxe":556,"minecraft:oak_planks":71,"minecraft:redstone_block":5,"minecraft:diamond_axe":17,"minecraft:white_wool":3,"minecraft:golden_apple":1,"minecraft:sand":8,"minecraft:yellow_terracotta":14,"minecraft:blue_ice":43,"minecraft:crossbow":135,"minecraft:sponge":12,"minecraft:dripstone_block":2,"minecraft:polished_tuff":1,"minecraft:redstone_torch":26,"minecraft:sticky_piston":5,"minecraft:firework_rocket":1,"minecraft:mace":166,"minecraft:acacia_door":3,"minecraft:bread":7,"minecraft:string":6,"minecraft:barrier":3,"minecraft:deepslate":1,"minecraft:gravel":17,"minecraft:chiseled_tuff_bricks":6,"minecraft:diamond_sword":1378,"minecraft:tropical_fish_bucket":2,"minecraft:bone_meal":140,"minecraft:golden_pickaxe":19,"minecraft:experience_bottle":671,"minecraft:oak_fence":1,"minecraft:stone_sword":36,"minecraft:acacia_log":19,"minecraft:flint_and_steel":8,"minecraft:stone_shovel":69,"minecraft:redstone":35,"minecraft:zombie_villager_spawn_egg":1,"minecraft:netherrack":73,"minecraft:cooked_salmon":121,"minecraft:cooked_chicken":9,"minecraft:trial_key":17,"minecraft:orange_bed":21,"minecraft:torch":287,"minecraft:dirt":172,"minecraft:anvil":2,"minecraft:hopper":3,"minecraft:diamond_helmet":1,"minecraft:raw_iron_block":5,"minecraft:granite":2,"minecraft:wooden_axe":13,"minecraft:bookshelf":14,"minecraft:iron_block":1,"minecraft:iron_axe":93,"minecraft:acacia_slab":17,"minecraft:bamboo":6,"minecraft:diamond_chestplate":3,"minecraft:tripwire_hook":2,"minecraft:golden_carrot":111,"minecraft:acacia_wood":1,"minecraft:acacia_planks":7,"minecraft:cooked_beef":10,"minecraft:cobbled_deepslate":5,"minecraft:zombified_piglin_spawn_egg":63,"minecraft:enchanted_golden_apple":1,"minecraft:golden_axe":12,"minecraft:iron_leggings":1,"minecraft:pointed_dripstone":17,"minecraft:wheat_seeds":14,"minecraft:cooked_mutton":1,"minecraft:acacia_boat":2,"minecraft:water_bucket":331,"minecraft:copper_trapdoor":2,"minecraft:cobblestone_stairs":108,"minecraft:baked_potato":3,"minecraft:waxed_oxidized_cut_copper":2,"minecraft:iron_golem_spawn_egg":16,"minecraft:cauldron":5,"minecraft:stonecutter":1,"minecraft:vine":2,"minecraft:tnt":12,"minecraft:crafting_table":15,"minecraft:red_mushroom":1,"minecraft:white_bed":5,"minecraft:smoker":2,"minecraft:oak_log":3,"minecraft:acacia_stairs":18,"minecraft:diamond_pickaxe":495,"minecraft:apple":3,"minecraft:diamond_shovel":1315,"minecraft:ominous_trial_key":5,"minecraft:acacia_sign":52,"minecraft:mangrove_propagule":2,"minecraft:wind_charge":109,"minecraft:suspicious_stew":7,"minecraft:iron_pickaxe":224,"minecraft:spruce_trapdoor":1,"minecraft:stone_axe":38,"minecraft:potion":1,"minecraft:cobblestone":1308,"minecraft:acacia_pressure_plate":2,"minecraft:white_banner":2,"minecraft:bucket":143,"minecraft:glass_pane":5,"minecraft:yellow_bed":5,"minecraft:pumpkin_pie":17,"minecraft:kelp":161,"minecraft:dandelion":1,"minecraft:diamond_leggings":1},"minecraft:broken":{"minecraft:diamond_helmet":1,"minecraft:iron_boots":2,"minecraft:stone_pickaxe":2,"minecraft:diamond_boots":1,"minecraft:diamond_leggings":1,"minecraft:shield":2,"minecraft:iron_helmet":1,"minecraft:golden_pickaxe":1},"minecraft:picked_up":{"minecraft:iron_chestplate":3,"minecraft:wheat":10,"minecraft:chainmail_boots":1,"minecraft:suspicious_stew":7,"minecraft:lead":3,"minecraft:diamond_sword":4,"minecraft:acacia_pressure_plate":2,"minecraft:potion":8,"minecraft:enchanted_book":4,"minecraft:golden_sword":1,"minecraft:music_disc_cat":1,"minecraft:string":84,"minecraft:raw_copper":80,"minecraft:cooked_salmon":74,"minecraft:iron_leggings":1,"minecraft:red_candle":12,"minecraft:experience_bottle":59,"minecraft:diamond_leggings":1,"minecraft:gold_nugget":4,"minecraft:cobbled_deepslate":10,"minecraft:acacia_sign":27,"minecraft:trial_key":62,"minecraft:redstone_torch":4,"minecraft:iron_pickaxe":4,"minecraft:enchanted_golden_apple":2,"minecraft:iron_boots":1,"minecraft:tipped_arrow":158,"minecraft:stick":26,"minecraft:acacia_fence":37,"minecraft:oak_fence":1,"minecraft:torch":248,"minecraft:acacia_log":32,"minecraft:pointed_dripstone":4,"minecraft:golden_chestplate":4,"minecraft:orange_bed":10,"minecraft:stone_sword":8,"minecraft:honey_bottle":3,"minecraft:rotten_flesh":566,"minecraft:armadillo_scute":8,"minecraft:iron_block":1,"minecraft:netherite_chestplate":1,"minecraft:waxed_cut_copper":2,"minecraft:cobblestone":1820,"minecraft:leather_chestplate":3,"minecraft:feather":7,"minecraft:cooked_beef":10,"minecraft:water_bucket":1,"minecraft:andesite":100,"minecraft:golden_leggings":1,"minecraft:flint":2,"minecraft:tuff":176,"minecraft:netherite_leggings":1,"minecraft:lapis_lazuli":268,"minecraft:dirt":1891,"minecraft:leather_boots":1,"minecraft:bone":289,"minecraft:acacia_planks":5,"minecraft:bow":12,"minecraft:stonecutter":1,"minecraft:wheat_seeds":146,"minecraft:bell":7,"minecraft:bolt_armor_trim_smithing_template":1,"minecraft:guster_banner_pattern":3,"minecraft:bamboo":650,"minecraft:glowstone_dust":24,"minecraft:scrape_pottery_sherd":4,"minecraft:oak_planks":672,"minecraft:sand":8,"minecraft:sugar":5,"minecraft:diamond":24,"minecraft:waxed_oxidized_copper_grate":2,"minecraft:breeze_rod":59,"minecraft:crossbow":6,"minecraft:granite":36,"minecraft:golden_apple":8,"minecraft:emerald":345,"minecraft:bread":42,"minecraft:oak_sapling":24,"minecraft:netherrack":133,"minecraft:ominous_trial_key":8,"minecraft:waxed_oxidized_cut_copper":2,"minecraft:crafting_table":1,"minecraft:chicken":3,"minecraft:ominous_bottle":8,"minecraft:golden_pickaxe":1,"minecraft:gold_block":73,"minecraft:brick":83,"minecraft:shield":7,"minecraft:wind_charge":127,"minecraft:iron_axe":4,"minecraft:flow_banner_pattern":2,"minecraft:acacia_door":2,"minecraft:flint_and_steel":1,"minecraft:beef":4,"minecraft:poppy":50,"minecraft:sugar_cane":10,"minecraft:chest":2,"minecraft:phantom_membrane":2,"minecraft:raw_iron":8,"minecraft:bamboo_hanging_sign":2,"minecraft:polished_blackstone_bricks":3,"minecraft:flow_pottery_sherd":1,"minecraft:mace":3,"minecraft:stone_button":1,"minecraft:cookie":16,"minecraft:trident":1,"minecraft:carrot":1,"minecraft:redstone":84,"minecraft:music_disc_creator_music_box":4,"minecraft:arrow":471,"minecraft:stone_shovel":5,"minecraft:diamond_chestplate":5,"minecraft:decorated_pot":31,"minecraft:diamond_boots":1,"minecraft:saddle":8,"minecraft:flow_armor_trim_smithing_template":1,"minecraft:totem_of_undying":15,"minecraft:tuff_bricks":41,"minecraft:white_wool":7,"minecraft:golden_carrot":5,"minecraft:leather":24,"minecraft:red_mushroom":1,"minecraft:acacia_wood":1,"minecraft:chainmail_chestplate":1,"minecraft:oak_log":36,"minecraft:golden_boots":3,"minecraft:yellow_bed":2,"minecraft:gunpowder":10,"minecraft:cobblestone_stairs":166,"minecraft:wooden_hoe":2,"minecraft:paper":2,"minecraft:white_banner":17,"minecraft:cooked_mutton":2,"minecraft:apple":3,"minecraft:kelp":145,"minecraft:iron_ingot":276,"minecraft:stone_pickaxe":9,"minecraft:cooked_chicken":20,"minecraft:glass_bottle":5,"minecraft:iron_sword":4,"minecraft:scaffolding":25,"minecraft:emerald_block":2,"minecraft:heavy_core":2,"minecraft:dandelion":1,"minecraft:raw_iron_block":3,"minecraft:dripstone_block":2,"minecraft:gravel":67,"minecraft:lava_bucket":4,"minecraft:white_bed":2,"minecraft:polished_tuff":2,"minecraft:spider_eye":24,"minecraft:pumpkin_seeds":3,"minecraft:slime_ball":84,"minecraft:stone_axe":8,"minecraft:iron_helmet":2,"minecraft:mangrove_propagule":2,"minecraft:baked_potato":16,"minecraft:acacia_slab":10,"minecraft:melon_seeds":5,"minecraft:chiseled_tuff_bricks":11,"minecraft:coal":51,"minecraft:ender_pearl":8},"minecraft:killed_by":{"minecraft:evoker":3,"minecraft:zombified_piglin":2,"minecraft:ravager":4,"minecraft:drowned":3,"minecraft:bogged":3,"minecraft:vindicator":28,"minecraft:zombie":8,"minecraft:vex":9,"minecraft:player":7,"minecraft:stray":4,"minecraft:spider":1,"minecraft:enderman":2,"minecraft:iron_golem":35,"minecraft:skeleton":2,"minecraft:breeze":2},"minecraft:dropped":{"minecraft:iron_sword":2,"minecraft:ominous_bottle":1,"minecraft:lapis_lazuli":122,"minecraft:baked_potato":11,"minecraft:diamond":1,"minecraft:glass_bottle":2,"minecraft:crafting_table":1,"minecraft:decorated_pot":2,"minecraft:cookie":80,"minecraft:leather":1,"minecraft:heavy_core":2,"minecraft:music_disc_creator_music_box":1,"minecraft:gold_block":59,"minecraft:dirt":257,"minecraft:mace":4,"minecraft:stone_button":1,"minecraft:scrape_pottery_sherd":1,"minecraft:netherite_boots":1,"minecraft:gold_nugget":3,"minecraft:bone_meal":15,"minecraft:polished_blackstone_bricks":1,"minecraft:bolt_armor_trim_smithing_template":1,"minecraft:iron_pickaxe":4,"minecraft:bone":140,"minecraft:gravel":28,"minecraft:stone_axe":2,"minecraft:cooked_chicken":6,"minecraft:chiseled_tuff_bricks":4,"minecraft:golden_chestplate":2,"minecraft:cobbled_deepslate":5,"minecraft:netherite_sword":2,"minecraft:pointed_dripstone":1,"minecraft:rotten_flesh":72,"minecraft:oak_planks":244,"minecraft:enchanted_golden_apple":1,"minecraft:glowstone_dust":2,"minecraft:honey_bottle":1,"minecraft:chainmail_chestplate":1,"minecraft:poppy":7,"minecraft:leather_chestplate":1,"minecraft:tipped_arrow":24,"minecraft:trident":1,"minecraft:red_candle":12,"minecraft:gunpowder":2,"minecraft:melon_seeds":7,"minecraft:arrow":51,"minecraft:scaffolding":25,"minecraft:firework_rocket":128,"minecraft:golden_boots":1,"minecraft:enchanted_book":3,"minecraft:bread":26,"minecraft:iron_ingot":65,"minecraft:wheat_seeds":65,"minecraft:netherite_helmet":1,"minecraft:netherite_chestplate":3,"minecraft:book":1,"minecraft:cobblestone":184,"minecraft:iron_helmet":2,"minecraft:polished_tuff":1,"minecraft:ominous_trial_key":3,"minecraft:acacia_log":1,"minecraft:coal":19,"minecraft:flow_armor_trim_smithing_template":1,"minecraft:stick":5,"minecraft:acacia_sign":4,"minecraft:lava_bucket":1,"minecraft:golden_carrot":5,"minecraft:wooden_hoe":2,"minecraft:torch":39,"minecraft:cooked_salmon":9,"minecraft:diamond_helmet":2,"minecraft:potion":1,"minecraft:iron_leggings":3,"minecraft:iron_axe":1,"minecraft:raw_iron_block":2,"minecraft:flow_banner_pattern":2,"minecraft:acacia_planks":3,"minecraft:string":2,"minecraft:music_disc_cat":2,"minecraft:tuff_bricks":6,"minecraft:stone_sword":3,"minecraft:bowl":7,"minecraft:bamboo_hanging_sign":2,"minecraft:tuff":137,"minecraft:guster_banner_pattern":1,"minecraft:raw_iron":5,"minecraft:chicken":2,"minecraft:iron_boots":1,"minecraft:totem_of_undying":1,"minecraft:pumpkin_seeds":3,"minecraft:netherite_leggings":4,"minecraft:suspicious_stew":7,"minecraft:blast_furnace":1,"minecraft:diamond_sword":6,"minecraft:shield":4,"minecraft:trial_key":7,"minecraft:diamond_chestplate":2,"minecraft:waxed_cut_copper":2,"minecraft:iron_chestplate":4,"minecraft:yellow_bed":2,"minecraft:golden_sword":2,"minecraft:spider_eye":20,"minecraft:bamboo":26,"minecraft:diamond_boots":1,"minecraft:slime_ball":42,"minecraft:stone_pickaxe":3,"minecraft:bow":5,"minecraft:bell":1},"minecraft:killed":{"minecraft:cave_spider":45,"minecraft:zombified_piglin":12,"minecraft:witch":9,"minecraft:spider":17,"minecraft:skeleton":36,"minecraft:chicken":4,"minecraft:silverfish":7,"minecraft:piglin_brute":5,"minecraft:magma_cube":30,"minecraft:piglin":12,"minecraft:zombie_villager":2,"minecraft:iron_golem":47,"minecraft:creeper":9,"minecraft:sheep":1,"minecraft:trader_llama":1,"minecraft:pillager":32,"minecraft:zombie":343,"minecraft:stray":75,"minecraft:ghast":3,"minecraft:cow":3,"minecraft:vex":3,"minecraft:evoker":8,"minecraft:bogged":37,"minecraft:vindicator":38,"minecraft:slime":13,"minecraft:phantom":2,"minecraft:drowned":14,"minecraft:warden":1,"minecraft:ravager":8,"minecraft:breeze":19,"minecraft:enderman":4},"minecraft:custom":{"minecraft:animals_bred":2,"minecraft:interact_with_crafting_table":67,"minecraft:open_barrel":12,"minecraft:bell_ring":159,"minecraft:leave_game":8,"minecraft:time_since_death":50304,"minecraft:damage_resisted":156,"minecraft:sprint_one_cm":2782278,"minecraft:damage_blocked_by_shield":10014,"minecraft:drop":356,"minecraft:talked_to_villager":43,"minecraft:play_time":963835,"minecraft:deaths":143,"minecraft:jump":21905,"minecraft:walk_on_water_one_cm":205451,"minecraft:enchant_item":37,"minecraft:interact_with_furnace":26,"minecraft:traded_with_villager":72,"minecraft:sleep_in_bed":20,"minecraft:damage_dealt":123798,"minecraft:player_kills":17,"minecraft:crouch_one_cm":47679,"minecraft:interact_with_smoker":1,"minecraft:use_cauldron":16,"minecraft:inspect_dispenser":2,"minecraft:mob_kills":904,"minecraft:interact_with_anvil":48,"minecraft:inspect_hopper":4,"minecraft:fill_cauldron":1,"minecraft:climb_one_cm":31391,"minecraft:walk_one_cm":2071494,"minecraft:raid_win":2,"minecraft:sneak_time":31991,"minecraft:walk_under_water_one_cm":217103,"minecraft:boat_one_cm":9108,"minecraft:interact_with_blast_furnace":2,"minecraft:total_world_time":963835,"minecraft:raid_trigger":2,"minecraft:interact_with_grindstone":2,"minecraft:interact_with_stonecutter":3,"minecraft:time_since_rest":50335,"minecraft:damage_taken":59083,"minecraft:damage_absorbed":194,"minecraft:swim_one_cm":67264,"minecraft:fly_one_cm":4921655,"minecraft:open_chest":260,"minecraft:fall_one_cm":800981},"minecraft:crafted":{"minecraft:smooth_stone":3,"minecraft:oak_planks":96,"minecraft:stone":3,"minecraft:diamond_shovel":1,"minecraft:suspicious_stew":7,"minecraft:mace":1,"minecraft:diamond_helmet":1,"minecraft:diamond_leggings":1,"minecraft:bow":4,"minecraft:iron_boots":1,"minecraft:chest":6,"minecraft:smoker":1,"minecraft:emerald":52,"minecraft:cauldron":3,"minecraft:diamond_axe":1,"minecraft:crafting_table":6,"minecraft:iron_helmet":1,"minecraft:book":1,"minecraft:paper":3,"minecraft:charcoal":4,"minecraft:diamond_pickaxe":1,"minecraft:shield":3,"minecraft:stick":606,"minecraft:iron_ingot":2,"minecraft:iron_pickaxe":1,"minecraft:iron_block":3,"minecraft:shears":1,"minecraft:golden_carrot":36,"minecraft:cookie":144,"minecraft:raw_iron":27,"minecraft:wind_charge":36,"minecraft:furnace":3,"minecraft:blast_furnace":1,"minecraft:bone_meal":155,"minecraft:stone_pickaxe":4,"minecraft:diamond_boots":1,"minecraft:cooked_beef":4,"minecraft:firework_star":64,"minecraft:diamond_sword":1,"minecraft:enchanted_book":1,"minecraft:acacia_boat":3,"minecraft:bread":1,"minecraft:air":0,"minecraft:wooden_axe":1,"minecraft:iron_leggings":1,"minecraft:anvil":1,"minecraft:white_bed":1,"minecraft:pumpkin_pie":40,"minecraft:acacia_planks":112,"minecraft:torch":88,"minecraft:diamond_chestplate":1,"minecraft:firework_rocket":192}},"DataVersion":3953}